# Blender v2.93.4 OBJ File: 'candle.blend'
# www.blender.org
mtllib candle-low.mtl
o Cylinder
v -0.239029 -1.000000 -0.159714
v -0.087975 -1.000000 -0.374161
v 0.068012 -1.000000 -0.573193
v 0.222937 -1.000000 -0.749161
v -0.423007 -1.000000 0.633074
v -0.291372 -1.000000 0.436069
v -0.148540 -1.000000 0.222306
v -0.000000 -1.000000 0.000000
v 0.148540 -1.000000 -0.222306
v 0.291372 -1.000000 -0.436069
v 0.423007 -1.000000 -0.633074
v -0.222937 -1.000000 0.749161
v -0.068012 -1.000000 0.573193
v 0.087974 -1.000000 0.374162
v 0.239029 -1.000000 0.159714
v 0.379346 -1.000000 -0.061907
v 0.503534 -1.000000 -0.282187
v 0.606820 -1.000000 -0.492658
v -0.016998 -1.000000 0.834656
v 0.153260 -1.000000 0.685149
v 0.315173 -1.000000 0.507673
v 0.462521 -1.000000 0.309047
v 0.589640 -1.000000 0.096905
v 0.691645 -1.000000 -0.120601
v 0.764617 -1.000000 -0.335113
v 0.184305 -1.000000 0.884541
v 0.359422 -1.000000 0.764614
v 0.518619 -1.000000 0.613896
v 0.655780 -1.000000 0.438179
v 0.765633 -1.000000 0.244214
v 0.843956 -1.000000 0.039458
v 0.887740 -1.000000 -0.168223
v -0.000010 0.780455 0.000009
v 0.155724 0.913538 -0.746755
v 0.004004 0.960727 -0.757610
v 0.314460 0.864113 -0.714250
v 0.441231 0.831451 -0.660349
v 0.540615 0.813564 -0.557823
v 0.635885 0.811350 -0.424885
v 0.705768 0.809336 -0.291423
v 0.753151 0.789254 -0.135836
v 0.781521 0.784727 0.031001
v 0.782075 0.788633 0.164045
v 0.738463 0.799654 0.283118
v 0.654162 0.835960 0.413073
v 0.550729 0.889140 0.531349
v 0.424896 0.933485 0.634378
v 0.292218 0.960093 0.705477
v 0.149127 0.980641 0.749711
v 0.000344 0.987652 0.765989
v -0.148079 1.009546 0.744443
v -0.293217 1.016891 0.703806
v -0.424243 1.019138 0.634925
v -0.540180 1.016592 0.540180
v -0.636541 0.995924 0.425323
v -0.710355 0.964033 0.294239
v -0.764720 0.936597 0.142614
v -0.786358 0.946221 -0.000000
v -0.760769 0.958802 -0.140280
v -0.705792 0.973207 -0.292349
v -0.634942 0.979795 -0.424254
v -0.540531 0.981120 -0.540531
v -0.426955 0.977867 -0.636147
v -0.298406 0.997944 -0.700308
v -0.151122 0.981849 -0.740251
v 0.020695 1.199615 -0.847462
v 0.016648 1.143440 -0.771020
v 0.166035 1.055043 -0.762129
v 0.182363 1.103192 -0.834348
v 0.322991 0.938094 -0.723431
v 0.349498 0.970520 -0.785484
v 0.447203 0.876119 -0.669209
v 0.482816 0.903042 -0.722584
v 0.548280 0.884950 -0.572711
v 0.594106 0.911617 -0.621274
v 0.652182 0.915133 -0.435711
v 0.710837 0.948534 -0.474966
v 0.725633 0.915345 -0.300490
v 0.789848 0.946864 -0.327166
v 0.772184 0.894937 -0.142478
v 0.839031 0.929733 -0.158570
v 0.798555 0.867429 0.035618
v 0.859534 0.893958 0.035567
v 0.794725 0.841688 0.167526
v 0.851864 0.861046 0.179410
v 0.750481 0.859396 0.284257
v 0.808469 0.882321 0.306461
v 0.667605 0.948520 0.421424
v 0.722796 0.987794 0.459087
v 0.562958 1.048062 0.547639
v 0.609549 1.097357 0.598006
v 0.436492 1.104508 0.653203
v 0.474992 1.149243 0.710876
v 0.300671 1.130976 0.725830
v 0.327179 1.175178 0.789880
v 0.153159 1.150133 0.769830
v 0.166783 1.191721 0.838477
v 0.010602 1.131606 0.776591
v 0.014230 1.182411 0.851643
v -0.149239 1.178773 0.750538
v -0.164685 1.227242 0.827930
v -0.309812 1.192684 0.712972
v -0.339571 1.244939 0.781007
v -0.436398 1.193183 0.653210
v -0.474984 1.241502 0.710864
v -0.555213 1.180413 0.555289
v -0.604473 1.229518 0.604473
v -0.651614 1.125302 0.435458
v -0.710778 1.168598 0.474927
v -0.721334 1.046172 0.298840
v -0.789751 1.081904 0.327126
v -0.775463 0.994183 0.140043
v -0.846056 1.029722 0.150895
v -0.804211 1.019678 0.000031
v -0.867235 1.046479 -0.000000
v -0.781089 1.078700 -0.139706
v -0.844616 1.114718 -0.153071
v -0.725374 1.135777 -0.300438
v -0.789773 1.180626 -0.327135
v -0.653063 1.151507 -0.436350
v -0.710854 1.196472 -0.474977
v -0.554917 1.161305 -0.554847
v -0.604514 1.204180 -0.604479
v -0.440334 1.146857 -0.647536
v -0.481724 1.202497 -0.707446
v -0.321034 1.187853 -0.703799
v -0.353809 1.234748 -0.774115
v -0.154746 1.174633 -0.741712
v -0.171332 1.234284 -0.821669
v 0.038646 0.760090 -0.194286
v 0.052757 0.749259 -0.265226
v 0.045529 0.754317 -0.228891
v -0.000000 0.751108 -0.270329
v -0.000000 0.760386 -0.198092
v -0.000000 0.754891 -0.233349
v 0.075807 0.759857 -0.183013
v 0.103497 0.747261 -0.249865
v 0.089312 0.753746 -0.215619
v 0.110054 0.759576 -0.164708
v 0.150239 0.745448 -0.224849
v 0.129657 0.753142 -0.194045
v 0.140072 0.759377 -0.140072
v 0.191239 0.744738 -0.191238
v 0.165028 0.752920 -0.165028
v 0.164708 0.759286 -0.110054
v 0.224820 0.744584 -0.150220
v 0.194037 0.752863 -0.129651
v 0.183013 0.759377 -0.075807
v 0.249707 0.744598 -0.103432
v 0.215573 0.752916 -0.089293
v 0.194286 0.759492 -0.038646
v 0.265135 0.743291 -0.052739
v 0.228865 0.752658 -0.045524
v 0.198092 0.760086 0.000000
v 0.270422 0.743229 0.000000
v 0.233376 0.752955 0.000000
v 0.194286 0.761088 0.038646
v 0.265255 0.744312 0.052763
v 0.228900 0.753795 0.045531
v 0.183013 0.762497 0.075807
v 0.249865 0.747503 0.103497
v 0.215619 0.755485 0.089312
v 0.164708 0.764127 0.110054
v 0.224847 0.752233 0.150238
v 0.194045 0.757777 0.129657
v 0.140072 0.765922 0.140072
v 0.191152 0.757200 0.191152
v 0.165002 0.760225 0.165002
v 0.110054 0.767851 0.164708
v 0.150159 0.761965 0.224729
v 0.129633 0.762726 0.194010
v 0.075807 0.769692 0.183013
v 0.103430 0.766445 0.249703
v 0.089293 0.765095 0.215572
v 0.038646 0.771238 0.194286
v 0.052742 0.769778 0.265151
v 0.045525 0.766954 0.228870
v -0.000000 0.772460 0.198092
v -0.000000 0.771720 0.270435
v -0.000000 0.768236 0.233380
v -0.038646 0.773249 0.194286
v -0.052742 0.774253 0.265151
v -0.045525 0.769471 0.228870
v -0.075806 0.773522 0.183013
v -0.103430 0.775234 0.249703
v -0.089293 0.769930 0.215572
v -0.110054 0.773800 0.164707
v -0.150159 0.776055 0.224729
v -0.129633 0.770294 0.194010
v -0.140072 0.774288 0.140072
v -0.191152 0.777653 0.191152
v -0.165002 0.770981 0.165002
v -0.164708 0.774295 0.110054
v -0.224847 0.777690 0.150238
v -0.194045 0.770906 0.129657
v -0.183013 0.773718 0.075807
v -0.249865 0.776061 0.103497
v -0.215619 0.770010 0.089312
v -0.194286 0.772548 0.038646
v -0.265227 0.773073 0.052757
v -0.228892 0.768408 0.045530
v -0.198092 0.770921 -0.000000
v -0.270451 0.770145 -0.000000
v -0.233384 0.766550 -0.000000
v -0.194286 0.769106 -0.038646
v -0.265226 0.767621 -0.052757
v -0.228891 0.764685 -0.045529
v -0.183013 0.767233 -0.075807
v -0.249751 0.764655 -0.103451
v -0.215586 0.762696 -0.089299
v -0.164708 0.765456 -0.110054
v -0.224729 0.761128 -0.150159
v -0.194010 0.760625 -0.129633
v -0.140072 0.763996 -0.140072
v -0.191163 0.757841 -0.191163
v -0.165006 0.758811 -0.165006
v -0.110054 0.762839 -0.164707
v -0.150246 0.755005 -0.224859
v -0.129659 0.757298 -0.194048
v -0.075806 0.761832 -0.183013
v -0.103457 0.754059 -0.249767
v -0.089300 0.756466 -0.215591
v -0.038646 0.760993 -0.194286
v -0.052729 0.752740 -0.265086
v -0.045521 0.755654 -0.228851
v 0.204961 1.096538 -0.956940
v 0.208770 0.982516 -1.001763
v 0.009966 1.089225 -1.028765
v 0.017065 1.204088 -0.982859
v 0.385245 0.958703 -0.888173
v 0.397511 0.862239 -0.928411
v 0.532643 0.907017 -0.797157
v 0.555045 0.836774 -0.830683
v 0.672947 0.907520 -0.693895
v 0.708105 0.826180 -0.722071
v 0.808927 0.956298 -0.540508
v 0.846459 0.875719 -0.565586
v 0.898824 0.954434 -0.372305
v 0.940535 0.878363 -0.389582
v 0.953448 0.948538 -0.185412
v 0.996838 0.871852 -0.192728
v 0.960985 0.903504 0.029606
v 0.999591 0.832317 0.030588
v 0.935127 0.857252 0.195972
v 0.971441 0.792845 0.202245
v 0.895567 0.874965 0.345636
v 0.930954 0.798707 0.364372
v 0.813067 0.992678 0.522052
v 0.848192 0.897556 0.543707
v 0.689736 1.110161 0.683853
v 0.721764 1.010381 0.714070
v 0.540482 1.147801 0.808888
v 0.565586 1.044278 0.846459
v 0.372292 1.170787 0.898793
v 0.389582 1.066338 0.940535
v 0.189804 1.172601 0.954209
v 0.198607 1.060791 0.998467
v 0.010749 1.163527 0.977474
v 0.002242 1.031623 1.019558
v -0.191902 1.209945 0.964755
v -0.201229 1.092400 1.011648
v -0.384328 1.247036 0.898952
v -0.399650 1.138398 0.942640
v -0.540489 1.244722 0.808899
v -0.565586 1.141649 0.846459
v -0.687980 1.235642 0.687980
v -0.719854 1.135881 0.719854
v -0.808986 1.160778 0.540548
v -0.846459 1.054924 0.565586
v -0.898922 1.060398 0.372346
v -0.940535 0.949184 0.389582
v -0.950817 1.020272 0.175615
v -0.995058 0.918498 0.190602
v -0.960572 1.027716 -0.000000
v -1.003093 0.931887 -0.000000
v -0.951891 1.102570 -0.178626
v -0.993056 1.002030 -0.185899
v -0.898898 1.177543 -0.372336
v -0.940535 1.076925 -0.389583
v -0.808911 1.194488 -0.540497
v -0.846459 1.092702 -0.565586
v -0.687962 1.184748 -0.687962
v -0.719854 1.076536 -0.719854
v -0.544550 1.183824 -0.808058
v -0.566024 1.040128 -0.846405
v -0.399652 1.212206 -0.898669
v -0.407221 1.097047 -0.943140
v -0.200735 1.232122 -0.969490
v -0.209260 1.103545 -1.018250
v -0.000000 -1.000000 -0.969068
v 0.000000 -0.969217 -1.000000
v 0.195090 -0.969217 -0.980785
v 0.189056 -1.000000 -0.950448
v 0.382683 -0.969217 -0.923880
v 0.370846 -1.000000 -0.895302
v 0.555570 -0.969217 -0.831470
v 0.538386 -1.000000 -0.805750
v 0.707107 -0.969217 -0.707107
v 0.685235 -1.000000 -0.685235
v 0.831470 -0.969217 -0.555570
v 0.805750 -1.000000 -0.538386
v 0.923880 -0.969217 -0.382683
v 0.895302 -1.000000 -0.370846
v 0.980785 -0.969217 -0.195090
v 0.950448 -1.000000 -0.189056
v 1.000000 -0.969217 0.000000
v 0.969068 -1.000000 0.000000
v 0.980785 -0.969217 0.195090
v 0.950448 -1.000000 0.189056
v 0.923880 -0.969217 0.382683
v 0.895302 -1.000000 0.370846
v 0.831470 -0.969217 0.555570
v 0.805751 -1.000000 0.538385
v 0.707107 -0.969217 0.707107
v 0.685235 -1.000000 0.685235
v 0.555570 -0.969217 0.831470
v 0.538385 -1.000000 0.805751
v 0.382683 -0.969217 0.923880
v 0.370846 -1.000000 0.895302
v 0.195090 -0.969217 0.980785
v 0.189056 -1.000000 0.950448
v -0.000000 -0.969217 1.000000
v -0.000000 -1.000000 0.969068
v -0.195090 -0.969217 0.980785
v -0.189056 -1.000000 0.950448
v -0.382683 -0.969217 0.923880
v -0.370846 -1.000000 0.895302
v -0.555570 -0.969217 0.831470
v -0.538386 -1.000000 0.805750
v -0.707107 -0.969217 0.707107
v -0.685234 -1.000000 0.685235
v -0.831469 -0.969217 0.555570
v -0.805750 -1.000000 0.538386
v -0.923880 -0.969217 0.382684
v -0.895302 -1.000000 0.370846
v -0.980785 -0.969217 0.195090
v -0.950448 -1.000000 0.189056
v -1.000000 -0.969217 -0.000000
v -0.969068 -1.000000 -0.000000
v -0.980785 -0.969217 -0.195090
v -0.950448 -1.000000 -0.189056
v -0.923879 -0.969217 -0.382684
v -0.895302 -1.000000 -0.370846
v -0.831470 -0.969217 -0.555570
v -0.805751 -1.000000 -0.538385
v -0.707107 -0.969217 -0.707107
v -0.685235 -1.000000 -0.685234
v -0.555570 -0.969217 -0.831470
v -0.538386 -1.000000 -0.805750
v -0.382683 -0.969217 -0.923880
v -0.370846 -1.000000 -0.895302
v -0.195090 -0.969217 -0.980785
v -0.189056 -1.000000 -0.950448
v -0.379347 -1.000000 0.061908
v -0.503534 -1.000000 0.282187
v -0.606820 -1.000000 0.492659
v 0.016997 -1.000000 -0.834656
v -0.153261 -1.000000 -0.685149
v -0.315174 -1.000000 -0.507672
v -0.462521 -1.000000 -0.309046
v -0.589640 -1.000000 -0.096904
v -0.691645 -1.000000 0.120602
v -0.764617 -1.000000 0.335113
v -0.184306 -1.000000 -0.884541
v -0.359423 -1.000000 -0.764614
v -0.518620 -1.000000 -0.613895
v -0.655780 -1.000000 -0.438178
v -0.765633 -1.000000 -0.244214
v -0.843956 -1.000000 -0.039458
v -0.887740 -1.000000 0.168223
v 0.000261 0.743933 -0.972798
v 0.189721 0.672897 -0.953827
v -0.190007 0.761665 -0.954022
v 0.372158 0.596359 -0.898486
v 0.540292 0.574674 -0.808616
v 0.687663 0.594114 -0.687672
v 0.808607 0.656747 -0.540301
v 0.898477 0.691239 -0.372166
v 0.953003 0.673232 -0.186338
v 0.968180 0.629072 0.008870
v 0.950346 0.572521 0.191668
v 0.896950 0.577058 0.368776
v 0.809852 0.649483 0.530965
v 0.688872 0.719616 0.684384
v 0.540292 0.739186 0.808611
v 0.372158 0.755178 0.898481
v 0.189721 0.732678 0.953823
v -0.000006 0.683765 0.972509
v -0.189734 0.763719 0.953823
v -0.372170 0.810629 0.898481
v -0.540305 0.810705 0.808611
v -0.687676 0.808738 0.687667
v -0.808620 0.739522 0.540296
v -0.898490 0.648938 0.372162
v -0.953831 0.618587 0.189725
v -0.972518 0.623311 -0.000002
v -0.953831 0.693913 -0.189730
v -0.898490 0.758977 -0.372167
v -0.808620 0.767674 -0.540301
v -0.687676 0.729206 -0.687672
v -0.540305 0.669047 -0.808616
v -0.372170 0.729663 -0.898486
v 0.003764 0.934278 -1.003412
v -0.199460 0.955692 -0.984101
v 0.197920 0.842091 -0.981003
v 0.385384 0.745029 -0.919543
v 0.551663 0.726225 -0.825623
v 0.703733 0.724286 -0.707497
v 0.830995 0.778369 -0.555253
v 0.923352 0.797335 -0.382465
v 0.978397 0.781975 -0.187339
v 0.986850 0.746316 0.024449
v 0.965667 0.702929 0.198815
v 0.918795 0.704105 0.368318
v 0.833516 0.784945 0.536595
v 0.709428 0.876824 0.699332
v 0.555253 0.908236 0.830995
v 0.382465 0.929983 0.923352
v 0.194979 0.910908 0.980226
v -0.000000 0.864304 0.999429
v -0.195265 0.949864 0.981664
v -0.383397 0.997703 0.923476
v -0.555253 0.998399 0.830995
v -0.706703 0.995143 0.706703
v -0.830995 0.918899 0.555253
v -0.923352 0.819591 0.382465
v -0.980190 0.785382 0.194875
v -0.996652 0.795340 -0.000000
v -0.978628 0.870702 -0.190283
v -0.923352 0.939640 -0.382465
v -0.830995 0.952956 -0.555253
v -0.706703 0.915189 -0.706703
v -0.555253 0.851894 -0.830995
v -0.386805 0.928268 -0.923622
v 0.022447 0.781441 -0.112849
v -0.000000 0.781785 -0.115060
v 0.044032 0.781207 -0.106302
v 0.063924 0.781073 -0.095669
v 0.081360 0.781080 -0.081360
v 0.095669 0.781303 -0.063924
v 0.106302 0.781633 -0.044032
v 0.112849 0.782080 -0.022447
v 0.115060 0.782652 0.000000
v 0.112849 0.783350 0.022447
v 0.106302 0.784164 0.044032
v 0.095669 0.785071 0.063924
v 0.081360 0.786028 0.081360
v 0.063924 0.786988 0.095669
v 0.044032 0.787892 0.106302
v 0.022447 0.788679 0.112849
v -0.000000 0.789290 0.115060
v -0.022447 0.789678 0.112849
v -0.044032 0.789811 0.106302
v -0.063924 0.790050 0.095669
v -0.081360 0.790186 0.081360
v -0.095669 0.790050 0.063924
v -0.106302 0.789658 0.044032
v -0.112849 0.789037 0.022447
v -0.115060 0.788230 0.000000
v -0.112849 0.787302 -0.022447
v -0.106302 0.786317 -0.044032
v -0.095669 0.785335 -0.063924
v -0.081360 0.784406 -0.081360
v -0.063924 0.783567 -0.095669
v -0.044032 0.782845 -0.106302
v -0.022447 0.782251 -0.112849
v 0.012060 0.783364 -0.060262
v 0.000090 0.783515 -0.061436
v 0.023570 0.783257 -0.056774
v 0.034170 0.783181 -0.051108
v 0.043447 0.783171 -0.043491
v 0.051065 0.783288 -0.034207
v 0.056732 0.783444 -0.023598
v 0.060221 0.783653 -0.012083
v 0.061397 0.783926 -0.000101
v 0.060214 0.784275 0.011891
v 0.056711 0.784698 0.023434
v 0.051020 0.785185 0.034081
v 0.043357 0.785714 0.043419
v 0.034021 0.786252 0.051079
v 0.023380 0.786762 0.056764
v 0.011853 0.787202 0.060259
v -0.000112 0.787531 0.061437
v -0.012054 0.787717 0.060264
v -0.023573 0.787741 0.056778
v -0.034200 0.787903 0.051091
v -0.043470 0.788032 0.043470
v -0.051068 0.787988 0.034204
v -0.056723 0.787780 0.023623
v -0.060214 0.787429 0.012124
v -0.061399 0.786961 0.000140
v -0.060221 0.786422 -0.011866
v -0.056717 0.785857 -0.023424
v -0.051023 0.785307 -0.034079
v -0.043362 0.784802 -0.043414
v -0.034035 0.784364 -0.051068
v -0.023406 0.784005 -0.056752
v -0.011885 0.783725 -0.060251
v 0.201753 -0.513799 -1.014267
v 0.395750 -0.536389 -0.955419
v 0.574539 -0.542790 -0.859854
v 0.731249 -0.537052 -0.731246
v 0.859857 -0.518566 -0.574536
v 0.955422 -0.508386 -0.395747
v 1.014029 -0.513608 -0.200748
v 1.032917 -0.526898 0.002492
v 1.013340 -0.543905 0.202331
v 0.954971 -0.542086 0.394749
v 0.860224 -0.520710 0.571784
v 0.731606 -0.500011 0.730278
v 0.574539 -0.494235 0.859856
v 0.395750 -0.489515 0.955420
v 0.201753 -0.496155 1.014269
v 0.000002 -0.510592 1.034139
v -0.201748 -0.486994 1.014269
v -0.395746 -0.473148 0.955420
v -0.574535 -0.473126 0.859856
v -0.731244 -0.473706 0.731247
v -0.859853 -0.494135 0.574538
v -0.955417 -0.520871 0.395749
v -1.014266 -0.529829 0.201751
v -1.034137 -0.528435 0.000001
v -1.014266 -0.507597 -0.201750
v -0.955417 -0.488393 -0.395747
v -0.859853 -0.485826 -0.574536
v -0.731244 -0.497180 -0.731246
v -0.574535 -0.514936 -0.859854
v -0.395746 -0.497045 -0.955419
v 0.000081 -0.492833 -1.034222
v -0.201829 -0.487600 -1.014325
v 0.159268 0.985362 -0.746604
v 0.008221 1.052293 -0.757387
v -0.151072 1.072689 -0.732437
v 0.316331 0.902758 -0.712202
v 0.440351 0.855772 -0.658954
v 0.539285 0.851869 -0.560314
v 0.637395 0.865572 -0.425830
v 0.708330 0.863053 -0.292886
v 0.754801 0.844738 -0.137716
v 0.782968 0.828888 0.033533
v 0.781569 0.817715 0.164374
v 0.737657 0.831910 0.280912
v 0.654178 0.894072 0.412828
v 0.551096 0.969927 0.533949
v 0.426264 1.019859 0.637167
v 0.293404 1.046118 0.708286
v 0.149601 1.068195 0.751940
v 0.004601 1.059651 0.763445
v -0.146685 1.092758 0.737688
v -0.298339 1.101660 0.700091
v -0.425859 1.106126 0.637438
v -0.542021 1.098494 0.542098
v -0.637393 1.060822 0.425956
v -0.708387 1.005645 0.293477
v -0.762573 0.966541 0.140017
v -0.788555 0.984817 0.000032
v -0.764943 1.020302 -0.137437
v -0.708174 1.054938 -0.293313
v -0.637335 1.066028 -0.425841
v -0.542045 1.075654 -0.542011
v -0.429155 1.064280 -0.635162
v -0.306377 1.096001 -0.693993
v 0.139258 0.763713 -0.683053
v 0.141986 0.772742 -0.695305
v 0.002176 0.796524 -0.706675
v 0.002032 0.786796 -0.694678
v 0.271424 0.740669 -0.647437
v 0.277614 0.748561 -0.659810
v 0.392756 0.724251 -0.587800
v 0.400985 0.731312 -0.600116
v 0.494431 0.707559 -0.495829
v 0.503872 0.714578 -0.506454
v 0.581371 0.704444 -0.388460
v 0.592588 0.711714 -0.395955
v 0.646298 0.709226 -0.266935
v 0.658918 0.716558 -0.272135
v 0.690424 0.691711 -0.125924
v 0.703887 0.698607 -0.128169
v 0.710934 0.687384 0.017595
v 0.725148 0.693993 0.019001
v 0.706159 0.694603 0.147127
v 0.720720 0.701056 0.150297
v 0.665984 0.701830 0.265489
v 0.679756 0.708547 0.270027
v 0.598013 0.719716 0.380869
v 0.609414 0.727354 0.387737
v 0.504100 0.747392 0.488274
v 0.513269 0.755876 0.496906
v 0.389081 0.772027 0.581018
v 0.395918 0.781114 0.591210
v 0.267596 0.789076 0.646033
v 0.272243 0.798505 0.657253
v 0.136412 0.798193 0.685791
v 0.138758 0.807782 0.697584
v -0.000000 0.799005 0.699187
v 0.000016 0.808545 0.711196
v -0.136412 0.816226 0.685788
v -0.138685 0.826218 0.697218
v -0.267592 0.823702 0.646025
v -0.272178 0.833801 0.656904
v -0.388480 0.825400 0.581402
v -0.395064 0.835500 0.591256
v -0.494421 0.828087 0.494421
v -0.502862 0.838191 0.502862
v -0.581337 0.823140 0.388437
v -0.591514 0.833030 0.395237
v -0.645923 0.812309 0.267550
v -0.657715 0.821773 0.272435
v -0.685708 0.797553 0.136396
v -0.699001 0.806362 0.138472
v -0.699938 0.796017 -0.000000
v -0.713501 0.804839 -0.000000
v -0.685716 0.800689 -0.136397
v -0.698425 0.809988 -0.138323
v -0.645973 0.806363 -0.267571
v -0.657282 0.816111 -0.272255
v -0.581382 0.806638 -0.388467
v -0.591469 0.816523 -0.395206
v -0.494405 0.797746 -0.494405
v -0.502904 0.807533 -0.502904
v -0.388578 0.790446 -0.581176
v -0.395328 0.800129 -0.591152
v -0.269754 0.802483 -0.642950
v -0.274522 0.812565 -0.653740
v -0.137419 0.800559 -0.681419
v -0.139852 0.810640 -0.692952
vt 0.277581 0.356547
vt 0.296108 0.355929
vt 0.294393 0.386707
vt 0.275781 0.386538
vt 0.336500 0.323551
vt 0.331726 0.357989
vt 0.313043 0.354583
vt 0.321091 0.320856
vt 0.326654 0.389772
vt 0.309079 0.387152
vt 0.323602 0.418923
vt 0.305042 0.418060
vt 0.320472 0.450187
vt 0.304002 0.449534
vt 0.319378 0.474567
vt 0.303044 0.474114
vt 0.319466 0.500421
vt 0.303080 0.499274
vt 0.319396 0.531938
vt 0.303216 0.530352
vt 0.319989 0.560027
vt 0.303176 0.560964
vt 0.323943 0.587793
vt 0.305414 0.590604
vt 0.329360 0.624182
vt 0.313558 0.627862
vt 0.333167 0.653608
vt 0.319473 0.656983
vt 0.336677 0.676558
vt 0.322138 0.678803
vt 0.340421 0.698332
vt 0.325772 0.700633
vt 0.344280 0.720921
vt 0.328877 0.723612
vt 0.350101 0.743137
vt 0.331430 0.747358
vt 0.355034 0.769950
vt 0.337523 0.773362
vt 0.359016 0.793149
vt 0.344179 0.795856
vt 0.362759 0.812248
vt 0.348933 0.815369
vt 0.366982 0.832807
vt 0.353940 0.835624
vt 0.372932 0.855370
vt 0.357475 0.859198
vt 0.381329 0.884006
vt 0.361777 0.890028
vt 0.391324 0.916496
vt 0.373378 0.923888
vt 0.391750 0.088070
vt 0.381062 0.114471
vt 0.363949 0.108845
vt 0.374920 0.078540
vt 0.373124 0.143571
vt 0.357239 0.139753
vt 0.366379 0.170529
vt 0.351710 0.167105
vt 0.361348 0.192436
vt 0.346913 0.189014
vt 0.356248 0.215385
vt 0.340412 0.211708
vt 0.351739 0.238660
vt 0.335090 0.235356
vt 0.347130 0.258269
vt 0.331557 0.256307
vt 0.591138 0.408626
vt 0.592241 0.414376
vt 0.579569 0.415393
vt 0.578940 0.412104
vt 0.344179 0.279964
vt 0.328398 0.277629
vt 0.339686 0.301134
vt 0.326059 0.298064
vt 0.298493 0.275967
vt 0.315001 0.276823
vt 0.313740 0.298864
vt 0.296408 0.299957
vt 0.361554 0.309564
vt 0.368630 0.287590
vt 0.381171 0.292532
vt 0.373798 0.315722
vt 0.345979 0.393970
vt 0.351030 0.365598
vt 0.357316 0.369073
vt 0.350614 0.395458
vt 0.343027 0.421760
vt 0.350266 0.422824
vt 0.340888 0.451161
vt 0.349952 0.451540
vt 0.339640 0.475818
vt 0.348438 0.476652
vt 0.339827 0.502562
vt 0.349025 0.503904
vt 0.337996 0.532489
vt 0.346077 0.532782
vt 0.338423 0.557868
vt 0.344120 0.557198
vt 0.342758 0.583157
vt 0.348605 0.580971
vt 0.348876 0.614314
vt 0.357344 0.608893
vt 0.353409 0.642796
vt 0.364195 0.635892
vt 0.358617 0.668108
vt 0.370637 0.662140
vt 0.363916 0.691027
vt 0.376602 0.685980
vt 0.368406 0.714597
vt 0.381935 0.710121
vt 0.376632 0.737346
vt 0.388470 0.734287
vt 0.379785 0.762904
vt 0.392653 0.759144
vt 0.384322 0.786775
vt 0.397236 0.783171
vt 0.387194 0.808423
vt 0.400711 0.806738
vt 0.390172 0.831136
vt 0.402978 0.830691
vt 0.395574 0.854966
vt 0.406389 0.855356
vt 0.403409 0.881728
vt 0.410913 0.881919
vt 0.410285 0.911283
vt 0.415804 0.911001
vt 0.401518 0.118684
vt 0.410451 0.093105
vt 0.416050 0.093840
vt 0.408844 0.119524
vt 0.395251 0.144857
vt 0.405977 0.145446
vt 0.390230 0.172478
vt 0.403539 0.172946
vt 0.386609 0.196212
vt 0.400548 0.197665
vt 0.381840 0.219955
vt 0.397165 0.222364
vt 0.379402 0.243855
vt 0.393447 0.246823
vt 0.371294 0.264256
vt 0.385594 0.268972
vt 0.357085 0.334184
vt 0.367040 0.340488
vt 0.554107 0.388501
vt 0.559844 0.387398
vt 0.561025 0.399944
vt 0.557741 0.400572
vt 0.532905 0.413933
vt 0.534083 0.408214
vt 0.546272 0.411874
vt 0.545592 0.415155
vt 0.588934 0.403204
vt 0.577682 0.409002
vt 0.532867 0.419773
vt 0.545565 0.418504
vt 0.585717 0.398319
vt 0.575843 0.406206
vt 0.548331 0.443227
vt 0.543488 0.439953
vt 0.551639 0.430087
vt 0.554411 0.431968
vt 0.533967 0.425506
vt 0.546193 0.421795
vt 0.581612 0.394154
vt 0.573494 0.403823
vt 0.713011 0.243761
vt 0.719595 0.216492
vt 0.739771 0.193696
vt 0.728857 0.220046
vt 0.536164 0.430918
vt 0.547449 0.424900
vt 0.576780 0.390873
vt 0.570726 0.401943
vt 0.565276 0.446720
vt 0.559440 0.446676
vt 0.560778 0.433950
vt 0.564128 0.433966
vt 0.571405 0.388603
vt 0.567643 0.400642
vt 0.571004 0.445628
vt 0.567414 0.433331
vt 0.565685 0.387432
vt 0.564368 0.399971
vt 0.576410 0.443448
vt 0.570513 0.432068
vt 0.553717 0.445498
vt 0.557497 0.433273
vt 0.437097 0.855190
vt 0.438845 0.881379
vt 0.581287 0.440251
vt 0.573305 0.430226
vt 0.585447 0.436161
vt 0.575686 0.427875
vt 0.548692 0.390700
vt 0.554640 0.401830
vt 0.588730 0.431334
vt 0.577565 0.425106
vt 0.543808 0.393909
vt 0.551844 0.403669
vt 0.591012 0.425954
vt 0.578868 0.422022
vt 0.539644 0.398007
vt 0.549459 0.406019
vt 0.592199 0.420228
vt 0.579545 0.418742
vt 0.536360 0.402837
vt 0.547578 0.408790
vt 0.287889 0.326156
vt 0.306372 0.323665
vt 0.273762 0.416875
vt 0.289775 0.417273
vt 0.291991 0.448047
vt 0.278532 0.446726
vt 0.291338 0.474007
vt 0.280028 0.473995
vt 0.291448 0.500507
vt 0.279102 0.502050
vt 0.291058 0.532315
vt 0.277793 0.533413
vt 0.289277 0.561650
vt 0.273856 0.562045
vt 0.290063 0.590567
vt 0.273890 0.590888
vt 0.299224 0.624584
vt 0.282767 0.621830
vt 0.307120 0.654877
vt 0.290773 0.652034
vt 0.309076 0.678616
vt 0.292662 0.678031
vt 0.312387 0.701688
vt 0.295630 0.702544
vt 0.313905 0.725563
vt 0.295038 0.727385
vt 0.313124 0.750578
vt 0.291583 0.753120
vt 0.322660 0.774727
vt 0.305165 0.776821
vt 0.331073 0.797719
vt 0.314533 0.799990
vt 0.336484 0.818700
vt 0.319959 0.823274
vt 0.342670 0.840358
vt 0.326986 0.846587
vt 0.344509 0.866290
vt 0.327730 0.874356
vt 0.344732 0.898749
vt 0.325818 0.907097
vt 0.354829 0.932204
vt 0.332070 0.939600
vt 0.334314 0.060377
vt 0.356857 0.069036
vt 0.346953 0.101228
vt 0.325429 0.092763
vt 0.343442 0.132420
vt 0.325316 0.125174
vt 0.339638 0.161828
vt 0.323362 0.155102
vt 0.333882 0.185287
vt 0.316855 0.180206
vt 0.325953 0.208354
vt 0.305882 0.203643
vt 0.316128 0.231523
vt 0.292699 0.226902
vt 0.317751 0.254389
vt 0.297985 0.252321
vt 0.721201 0.185397
vt 0.745335 0.165724
vt 0.365028 0.531155
vt 0.363730 0.554415
vt 0.442409 0.907116
vt 0.368348 0.576310
vt 0.442409 0.098351
vt 0.437881 0.123461
vt 0.376326 0.599563
vt 0.434823 0.148945
vt 0.385610 0.624238
vt 0.432831 0.174673
vt 0.395306 0.650025
vt 0.431211 0.200901
vt 0.403766 0.674644
vt 0.429153 0.227430
vt 0.411952 0.699427
vt 0.399990 0.329026
vt 0.390199 0.353437
vt 0.425547 0.253614
vt 0.420334 0.724244
vt 0.539378 0.435797
vt 0.549289 0.427700
vt 0.418085 0.278633
vt 0.424959 0.750534
vt 0.373049 0.402230
vt 0.371169 0.427700
vt 0.409500 0.303996
vt 0.429784 0.776405
vt 0.369287 0.453134
vt 0.433914 0.802403
vt 0.366727 0.478085
vt 0.380479 0.377814
vt 0.436074 0.828758
vt 0.366710 0.505032
vt 0.530852 0.442719
vt 0.536444 0.448448
vt 0.495570 0.497960
vt 0.480832 0.482965
vt 0.543063 0.452976
vt 0.512484 0.510096
vt 0.550441 0.456116
vt 0.530944 0.518818
vt 0.558289 0.457738
vt 0.551345 0.522026
vt 0.566297 0.457779
vt 0.571984 0.522236
vt 0.574131 0.456269
vt 0.592601 0.518789
vt 0.581547 0.453330
vt 0.613431 0.510180
vt 0.588259 0.448979
vt 0.632011 0.499085
vt 0.593969 0.443386
vt 0.646687 0.486373
vt 0.598447 0.436749
vt 0.656577 0.470463
vt 0.601533 0.429331
vt 0.663601 0.451522
vt 0.603114 0.421455
vt 0.667515 0.430021
vt 0.603148 0.413422
vt 0.667534 0.407441
vt 0.601634 0.405537
vt 0.663607 0.386850
vt 0.598631 0.398109
vt 0.655648 0.367669
vt 0.594247 0.391425
vt 0.643953 0.350843
vt 0.588614 0.385710
vt 0.629799 0.335763
vt 0.581997 0.381248
vt 0.612710 0.324172
vt 0.574646 0.378144
vt 0.593708 0.316303
vt 0.566825 0.376503
vt 0.573592 0.312002
vt 0.558844 0.376434
vt 0.552982 0.311969
vt 0.551002 0.377946
vt 0.532747 0.316088
vt 0.543593 0.380985
vt 0.513790 0.324262
vt 0.536912 0.385394
vt 0.496583 0.335304
vt 0.531232 0.391012
vt 0.481917 0.349634
vt 0.526760 0.397636
vt 0.470101 0.366510
vt 0.523667 0.404995
vt 0.461954 0.385421
vt 0.522037 0.412813
vt 0.458065 0.405618
vt 0.521966 0.420817
vt 0.458157 0.426027
vt 0.523478 0.428632
vt 0.461236 0.445987
vt 0.526479 0.436028
vt 0.469053 0.465276
vt 0.350290 0.304482
vt 0.347925 0.328153
vt 0.344932 0.362184
vt 0.341301 0.392545
vt 0.336370 0.420784
vt 0.332398 0.450872
vt 0.330851 0.475058
vt 0.331257 0.501387
vt 0.330748 0.532182
vt 0.332783 0.558562
vt 0.337034 0.585090
vt 0.340896 0.619524
vt 0.343499 0.649145
vt 0.347186 0.673403
vt 0.351586 0.695490
vt 0.355941 0.718252
vt 0.364474 0.740114
vt 0.367411 0.766781
vt 0.370974 0.790360
vt 0.374180 0.810195
vt 0.378029 0.831537
vt 0.385054 0.854364
vt 0.395698 0.881598
vt 0.404858 0.912104
vt 0.404962 0.092301
vt 0.394092 0.117832
vt 0.385026 0.144943
vt 0.377693 0.172043
vt 0.373121 0.194577
vt 0.368327 0.217666
vt 0.365771 0.241260
vt 0.358601 0.260738
vt 0.355807 0.282943
vt 0.535207 0.439188
vt 0.540050 0.444102
vt 0.545764 0.447976
vt 0.552122 0.450659
vt 0.558878 0.452047
vt 0.565769 0.452088
vt 0.572521 0.450793
vt 0.578899 0.448234
vt 0.584664 0.444475
vt 0.589581 0.439658
vt 0.593460 0.433963
vt 0.596151 0.427606
vt 0.597546 0.420839
vt 0.597591 0.413925
vt 0.596286 0.407133
vt 0.593684 0.400731
vt 0.589890 0.394965
vt 0.585035 0.390051
vt 0.579327 0.386193
vt 0.572988 0.383521
vt 0.566242 0.382132
vt 0.559351 0.382085
vt 0.552580 0.383381
vt 0.546187 0.385977
vt 0.540424 0.389767
vt 0.535518 0.394606
vt 0.531651 0.400309
vt 0.528970 0.406653
vt 0.527574 0.413396
vt 0.527522 0.420288
vt 0.528826 0.427045
vt 0.531420 0.433426
vt 0.020276 0.286124
vt 0.018357 0.317277
vt 0.011257 0.316882
vt 0.013167 0.285639
vt 0.016812 0.348411
vt 0.009723 0.348097
vt 0.015594 0.379482
vt 0.008530 0.379243
vt 0.014656 0.410418
vt 0.007674 0.410233
vt 0.014112 0.441642
vt 0.006859 0.441535
vt 0.013828 0.473118
vt 0.006674 0.473107
vt 0.013934 0.504386
vt 0.006820 0.504448
vt 0.014350 0.535538
vt 0.007261 0.535669
vt 0.015064 0.566594
vt 0.007997 0.566797
vt 0.016118 0.597547
vt 0.009073 0.597821
vt 0.017434 0.628407
vt 0.010428 0.628738
vt 0.018935 0.659054
vt 0.012030 0.659423
vt 0.020855 0.689868
vt 0.013700 0.690342
vt 0.023116 0.720862
vt 0.016077 0.721447
vt 0.025887 0.751580
vt 0.018903 0.752266
vt 0.029099 0.782106
vt 0.022158 0.782889
vt 0.032729 0.812451
vt 0.025829 0.813319
vt 0.036697 0.842638
vt 0.029832 0.843570
vt 0.040894 0.872710
vt 0.034054 0.873669
vt 0.045102 0.902717
vt 0.038281 0.903655
vt 0.049113 0.932699
vt 0.042305 0.933546
vt 0.052495 0.962729
vt 0.045712 0.963335
vt 0.054468 0.993326
vt 0.047577 0.993275
vt 0.049559 0.006674
vt 0.047608 0.038610
vt 0.040484 0.038046
vt 0.042245 0.006743
vt 0.044389 0.069781
vt 0.037348 0.069004
vt 0.040683 0.100636
vt 0.033685 0.099779
vt 0.036797 0.131323
vt 0.029839 0.130437
vt 0.032796 0.161784
vt 0.025945 0.160904
vt 0.029021 0.192380
vt 0.021982 0.191528
vt 0.025582 0.223571
vt 0.018335 0.222827
vt 0.022630 0.254936
vt 0.015492 0.254342
vt 0.717894 0.152084
vt 0.745335 0.137203
vt 0.709935 0.118281
vt 0.739771 0.109230
vt 0.697772 0.085753
vt 0.728857 0.082880
vt 0.682015 0.056216
vt 0.713011 0.059166
vt 0.663404 0.031254
vt 0.692844 0.038998
vt 0.642780 0.012238
vt 0.669130 0.023153
vt 0.692844 0.263928
vt 0.694733 0.236424
vt 0.692302 0.203342
vt 0.685861 0.166673
vt 0.675894 0.128607
vt 0.663033 0.091419
vt 0.648016 0.057351
vt 0.631658 0.028494
vt 0.614807 0.006674
vt 0.669130 0.279773
vt 0.666142 0.252727
vt 0.659747 0.218869
vt 0.650468 0.180409
vt 0.638959 0.139811
vt 0.625973 0.099661
vt 0.612322 0.062527
vt 0.598828 0.030823
vt 0.586286 0.006674
vt 0.642780 0.290688
vt 0.634919 0.264775
vt 0.624790 0.231382
vt 0.613075 0.192765
vt 0.600546 0.151463
vt 0.588018 0.110162
vt 0.576303 0.071545
vt 0.566174 0.038152
vt 0.558313 0.012238
vt 0.614807 0.296252
vt 0.602265 0.272104
vt 0.588771 0.240399
vt 0.575120 0.203266
vt 0.562135 0.163115
vt 0.550625 0.122518
vt 0.541346 0.084058
vt 0.534951 0.050199
vt 0.531963 0.023153
vt 0.586286 0.296252
vt 0.569435 0.274433
vt 0.553077 0.245575
vt 0.538061 0.211507
vt 0.525199 0.174320
vt 0.515233 0.136254
vt 0.508791 0.099585
vt 0.506360 0.066503
vt 0.508249 0.038998
vt 0.558313 0.290688
vt 0.537689 0.271672
vt 0.519078 0.246710
vt 0.503321 0.217173
vt 0.491159 0.184646
vt 0.483200 0.150843
vt 0.479892 0.117530
vt 0.481498 0.086435
vt 0.488082 0.059166
vt 0.531963 0.279773
vt 0.508249 0.263928
vt 0.488082 0.243761
vt 0.472236 0.220046
vt 0.461322 0.193697
vt 0.455758 0.165724
vt 0.455758 0.137203
vt 0.461322 0.109230
vt 0.472236 0.082880
vt 0.093256 0.291042
vt 0.272074 0.300968
vt 0.263943 0.328076
vt 0.088274 0.321090
vt 0.081191 0.381674
vt 0.251386 0.386294
vt 0.253247 0.415985
vt 0.081325 0.412183
vt 0.097599 0.230828
vt 0.272645 0.249507
vt 0.274278 0.275242
vt 0.096344 0.260998
vt 0.098133 0.200427
vt 0.268458 0.222769
vt 0.104569 0.170677
vt 0.281288 0.198151
vt 0.110469 0.140748
vt 0.292542 0.173139
vt 0.114490 0.110170
vt 0.299445 0.146485
vt 0.116207 0.078644
vt 0.299452 0.116368
vt 0.117699 0.046415
vt 0.297860 0.084080
vt 0.122303 0.013602
vt 0.305576 0.052976
vt 0.121658 0.954636
vt 0.299680 0.916076
vt 0.303805 0.947425
vt 0.125061 0.986710
vt 0.120926 0.923118
vt 0.303418 0.883963
vt 0.119240 0.892328
vt 0.303668 0.854934
vt 0.114849 0.862514
vt 0.296344 0.829585
vt 0.110566 0.832965
vt 0.291022 0.804452
vt 0.104669 0.803746
vt 0.281028 0.780087
vt 0.097761 0.774609
vt 0.267438 0.755701
vt 0.097005 0.744798
vt 0.271438 0.729290
vt 0.095605 0.715075
vt 0.272663 0.703346
vt 0.092824 0.685345
vt 0.270388 0.677309
vt 0.090300 0.655299
vt 0.269387 0.650117
vt 0.085867 0.625065
vt 0.262167 0.620714
vt 0.081573 0.595183
vt 0.252992 0.591592
vt 0.080384 0.564984
vt 0.252332 0.562142
vt 0.082476 0.534715
vt 0.259336 0.532885
vt 0.084223 0.503919
vt 0.263143 0.502784
vt 0.085040 0.473271
vt 0.264503 0.474016
vt 0.083650 0.442723
vt 0.260605 0.445524
vt 0.254316 0.356894
vt 0.083384 0.351265
vt 0.555488 0.422703
vt 0.556740 0.423976
vt 0.558218 0.424979
vt 0.559861 0.425673
vt 0.561606 0.426032
vt 0.563389 0.426044
vt 0.565142 0.425706
vt 0.566796 0.425033
vt 0.568287 0.424049
vt 0.569560 0.422792
vt 0.570565 0.421309
vt 0.571262 0.419657
vt 0.571625 0.417900
vt 0.571638 0.416106
vt 0.571302 0.414346
vt 0.570630 0.412689
vt 0.569649 0.411198
vt 0.568400 0.409930
vt 0.566922 0.408928
vt 0.565275 0.408232
vt 0.563531 0.407872
vt 0.561754 0.407859
vt 0.560007 0.408194
vt 0.558354 0.408865
vt 0.556861 0.409848
vt 0.555585 0.411106
vt 0.554578 0.412591
vt 0.553879 0.414244
vt 0.553516 0.416001
vt 0.553502 0.417793
vt 0.553837 0.419552
vt 0.554507 0.421210
vt 0.562564 0.416978
vt 0.493949 0.499632
vt 0.478924 0.484305
vt 0.511298 0.512193
vt 0.530082 0.521130
vt 0.550889 0.524364
vt 0.572161 0.524544
vt 0.593216 0.521059
vt 0.614502 0.512223
vt 0.633654 0.500785
vt 0.648623 0.487858
vt 0.658669 0.471651
vt 0.665848 0.452116
vt 0.669808 0.430094
vt 0.669808 0.407039
vt 0.665795 0.386054
vt 0.657673 0.366500
vt 0.645683 0.349321
vt 0.631196 0.333916
vt 0.613768 0.322074
vt 0.594379 0.314056
vt 0.573855 0.309663
vt 0.552833 0.309601
vt 0.532159 0.313765
vt 0.512639 0.322121
vt 0.495062 0.333416
vt 0.480113 0.348049
vt 0.468025 0.365391
vt 0.459719 0.384685
vt 0.455758 0.405313
vt 0.455833 0.426215
vt 0.458976 0.446605
vt 0.466929 0.466264
vn 0.3633 -0.1349 -0.9218
vn 0.4646 0.1140 -0.8781
vn 0.5628 0.1839 -0.8058
vn 0.5448 -0.1241 -0.8293
vn 0.4947 0.8128 0.3074
vn 0.4035 0.8531 0.3307
vn 0.5883 0.6941 -0.4148
vn 0.5497 0.6867 -0.4756
vn 0.0609 0.9730 0.2224
vn 0.4172 0.8123 -0.4076
vn -0.2212 0.9743 0.0410
vn 0.2997 0.8265 -0.4764
vn -0.2411 0.9695 0.0436
vn 0.3539 0.8657 -0.3540
vn -0.2163 0.9670 0.1343
vn 0.4581 0.8741 -0.1617
vn -0.2369 0.9550 0.1785
vn 0.4806 0.8765 0.0278
vn -0.2240 0.9517 0.2099
vn 0.4841 0.8473 0.2182
vn -0.1401 0.9899 0.0208
vn 0.5454 0.8198 0.1742
vn 0.0041 0.9300 -0.3676
vn 0.6565 0.7535 -0.0346
vn 0.0996 0.8336 -0.5432
vn 0.6842 0.7265 -0.0635
vn 0.0645 0.8829 -0.4651
vn 0.5751 0.8039 0.1517
vn 0.0109 0.9433 -0.3316
vn 0.4261 0.8172 0.3880
vn 0.0110 0.9677 -0.2519
vn 0.2813 0.8067 0.5196
vn -0.0322 0.9807 -0.1928
vn 0.1145 0.7796 0.6157
vn 0.0967 0.9790 -0.1793
vn 0.0865 0.7291 0.6789
vn 0.2180 0.9577 -0.1878
vn 0.0262 0.7696 0.6380
vn 0.1433 0.9619 -0.2326
vn -0.1795 0.8254 0.5351
vn 0.1306 0.9536 -0.2711
vn -0.3348 0.8337 0.4390
vn 0.0609 0.9369 -0.3443
vn -0.4905 0.8328 0.2564
vn -0.0463 0.8937 -0.4463
vn -0.6572 0.7521 0.0479
vn -0.0118 0.9202 -0.3912
vn -0.6962 0.7178 0.0011
vn 0.1075 0.9884 -0.1070
vn -0.6495 0.7590 0.0461
vn 0.1035 0.9612 0.2557
vn -0.6478 0.7417 0.1738
vn 0.0902 0.9134 0.3968
vn -0.6461 0.7420 0.1786
vn 0.1368 0.9478 0.2882
vn -0.5858 0.8089 -0.0497
vn 0.1665 0.9702 0.1758
vn -0.4946 0.8150 -0.3017
vn 0.1492 0.9782 0.1443
vn -0.4350 0.7713 -0.4646
vn 0.0178 0.9772 0.2115
vn -0.4460 0.7315 -0.5157
vn -0.0376 0.9695 0.2421
vn -0.3636 0.7617 -0.5362
vn 0.1047 0.9845 0.1404
vn 0.1411 0.9821 0.1243
vn 0.0995 0.9926 0.0699
vn 0.0767 0.9937 0.0813
vn 0.1197 0.9597 0.2542
vn -0.0904 0.8068 -0.5838
vn 0.3336 0.9012 0.2767
vn 0.2720 0.7940 -0.5436
vn -0.1966 -0.1745 -0.9648
vn -0.1983 0.0957 -0.9754
vn 0.0837 0.1276 -0.9883
vn -0.0285 -0.1665 -0.9856
vn 0.0723 0.0691 0.9950
vn 0.1995 0.0292 0.9794
vn 0.1982 0.1104 0.9739
vn 0.0466 0.1313 0.9902
vn -0.5228 0.1955 0.8297
vn -0.2279 0.1559 0.9611
vn -0.2612 0.2246 0.9387
vn -0.5104 0.2740 0.8151
vn -0.7525 0.2062 0.6254
vn -0.7106 0.2868 0.6424
vn -0.8357 0.2011 0.5111
vn -0.8163 0.2628 0.5144
vn -0.9008 0.2004 0.3851
vn -0.8886 0.2554 0.3810
vn -0.9507 0.1935 0.2423
vn -0.9321 0.2739 0.2369
vn -0.9731 0.2071 0.1005
vn -0.9555 0.2866 0.0692
vn -0.9604 0.2155 -0.1765
vn -0.9398 0.2873 -0.1846
vn -0.8587 0.1756 -0.4815
vn -0.8524 0.2633 -0.4516
vn -0.7508 0.1458 -0.6441
vn -0.7531 0.2160 -0.6214
vn -0.6499 0.1371 -0.7475
vn -0.6515 0.1861 -0.7354
vn -0.5239 0.1325 -0.8414
vn -0.5196 0.1750 -0.8363
vn -0.3614 0.1277 -0.9236
vn -0.3588 0.1686 -0.9181
vn -0.1798 0.1205 -0.9763
vn -0.1844 0.1528 -0.9709
vn 0.0430 0.0656 -0.9969
vn 0.0310 0.1309 -0.9909
vn 0.2131 0.0544 -0.9755
vn 0.2113 0.0989 -0.9724
vn 0.3480 0.0802 -0.9340
vn 0.3640 0.1205 -0.9236
vn 0.5358 0.1184 -0.8360
vn 0.5445 0.1481 -0.8256
vn 0.6818 0.1361 -0.7187
vn 0.6908 0.1540 -0.7064
vn 0.7903 0.1437 -0.5955
vn 0.8054 0.1588 -0.5709
vn 0.8835 0.1423 -0.4462
vn 0.8915 0.1674 -0.4209
vn 0.9533 0.1557 -0.2587
vn 0.9463 0.2169 -0.2398
vn 0.9778 0.2048 0.0428
vn 0.9722 0.2335 0.0170
vn 0.9391 0.1692 0.2989
vn 0.9421 0.2164 0.2561
vn 0.8947 0.1380 0.4248
vn 0.8965 0.1798 0.4049
vn 0.8199 0.1245 0.5587
vn 0.8199 0.1660 0.5478
vn 0.7037 0.1198 0.7003
vn 0.7046 0.1580 0.6917
vn 0.5328 0.0876 0.8416
vn 0.5354 0.1531 0.8306
vn 0.3277 0.0655 0.9425
vn 0.3450 0.1075 0.9324
vn -0.0754 0.1143 0.9906
vn -0.1004 0.1761 0.9792
vn -0.1424 0.9892 0.0331
vn -0.1205 0.9902 0.0697
vn -0.0733 0.9966 0.0369
vn -0.0865 0.9962 0.0114
vn -0.1092 0.9813 -0.1586
vn -0.1278 0.9825 -0.1354
vn -0.0796 0.9914 -0.1038
vn -0.0663 0.9907 -0.1187
vn 0.0650 0.9863 0.1514
vn 0.0509 0.9948 0.0885
vn -0.0849 0.9805 -0.1772
vn -0.0493 0.9901 -0.1312
vn 0.0256 0.9876 0.1549
vn 0.0233 0.9956 0.0906
vn 0.0875 0.9781 -0.1886
vn 0.0489 0.9791 -0.1974
vn 0.0394 0.9886 -0.1451
vn 0.0648 0.9885 -0.1368
vn -0.0541 0.9804 -0.1895
vn -0.0294 0.9896 -0.1408
vn -0.0145 0.9888 0.1484
vn -0.0052 0.9962 0.0871
vn 0.4016 -0.9158 0.0000
vn 0.0000 -1.0000 0.0000
vn 0.3710 -0.9158 -0.1537
vn 0.3938 -0.9158 -0.0783
vn -0.0201 0.9803 -0.1967
vn -0.0076 0.9891 -0.1468
vn -0.0482 0.9894 0.1368
vn -0.0254 0.9963 0.0816
vn 0.1784 0.9764 -0.1215
vn 0.1531 0.9767 -0.1502
vn 0.1073 0.9881 -0.1101
vn 0.1239 0.9880 -0.0923
vn -0.0706 0.9898 0.1238
vn -0.0385 0.9965 0.0745
vn 0.2007 0.9758 -0.0868
vn 0.1381 0.9879 -0.0700
vn -0.0942 0.9903 0.1018
vn -0.0556 0.9967 0.0595
vn 0.2181 0.9745 -0.0519
vn 0.1475 0.9879 -0.0471
vn 0.1232 0.9772 -0.1728
vn 0.0881 0.9883 -0.1245
vn 0.6593 0.5619 -0.4995
vn 0.7053 0.6008 -0.3763
vn 0.2279 0.9735 -0.0188
vn 0.1512 0.9882 -0.0250
vn 0.2289 0.9733 0.0152
vn 0.1498 0.9887 -0.0030
vn -0.1565 0.9876 -0.0052
vn -0.0947 0.9954 -0.0153
vn 0.2190 0.9745 0.0479
vn 0.1436 0.9895 0.0182
vn -0.1603 0.9862 -0.0418
vn -0.0977 0.9944 -0.0409
vn 0.1987 0.9769 0.0783
vn 0.1328 0.9904 0.0381
vn -0.1547 0.9850 -0.0762
vn -0.0957 0.9933 -0.0644
vn 0.1722 0.9796 0.1039
vn 0.1182 0.9914 0.0555
vn -0.1429 0.9838 -0.1081
vn -0.0894 0.9923 -0.0857
vn 0.1461 -0.1519 -0.9775
vn 0.3077 0.1081 -0.9453
vn 0.7033 -0.1564 -0.6935
vn 0.6597 0.1558 -0.7352
vn 0.7966 0.1844 -0.5757
vn 0.8299 -0.1957 -0.5224
vn 0.9165 0.1577 -0.3676
vn 0.9051 -0.2201 -0.3636
vn 0.9767 0.1703 -0.1306
vn 0.9632 -0.2024 -0.1768
vn 0.9782 0.1796 0.1040
vn 0.9883 -0.1521 0.0110
vn 0.9630 0.1707 0.2086
vn 0.9761 -0.1241 0.1784
vn 0.9418 0.1362 0.3073
vn 0.9124 -0.1318 0.3875
vn 0.8857 0.1383 0.4430
vn 0.8058 -0.1429 0.5746
vn 0.7625 0.1597 0.6269
vn 0.6874 -0.1475 0.7111
vn 0.5736 0.1387 0.8072
vn 0.5412 -0.1463 0.8281
vn 0.3876 0.1443 0.9105
vn 0.3773 -0.1415 0.9152
vn 0.1967 0.1275 0.9721
vn 0.2146 -0.1366 0.9671
vn 0.0244 0.0647 0.9976
vn -0.0074 -0.1459 0.9893
vn -0.1704 0.0982 0.9804
vn -0.2357 -0.1607 0.9584
vn -0.3937 0.1318 0.9097
vn -0.4069 -0.1591 0.8995
vn -0.5633 0.1372 0.8148
vn -0.5535 -0.1416 0.8207
vn -0.7257 0.1692 0.6669
vn -0.6805 -0.1366 0.7199
vn -0.8582 0.1368 0.4947
vn -0.7864 -0.1416 0.6012
vn -0.9322 0.1027 0.3471
vn -0.8969 -0.1420 0.4188
vn -0.9784 0.1354 0.1562
vn -0.9732 -0.1280 0.1909
vn -0.9895 0.1428 0.0211
vn -0.9931 -0.1134 -0.0298
vn -0.9834 0.1500 -0.1021
vn -0.9687 -0.1153 -0.2199
vn -0.9315 0.1618 -0.3257
vn -0.9096 -0.1321 -0.3939
vn -0.8237 0.1531 -0.5460
vn -0.8273 -0.1351 -0.5452
vn -0.6986 0.1322 -0.7031
vn -0.7213 -0.1278 -0.6807
vn -0.5753 0.0702 -0.8149
vn -0.5530 -0.1340 -0.8223
vn -0.4368 0.1091 -0.8929
vn -0.3688 -0.1514 -0.9171
vn 0.3339 -0.9158 -0.2231
vn -0.6675 0.7436 0.0383
vn -0.6366 0.7552 -0.1559
vn 0.7334 0.6497 -0.1999
vn -0.5780 0.7302 -0.3641
vn 0.7575 0.6524 0.0207
vn -0.5201 0.6654 -0.5354
vn 0.7642 0.6116 0.2046
vn -0.4558 0.6082 -0.6498
vn 0.7490 0.5697 0.3383
vn -0.3735 0.5783 -0.7253
vn 0.6999 0.5512 0.4541
vn -0.2635 0.5611 -0.7846
vn 0.6096 0.5528 0.5681
vn -0.1407 0.5524 -0.8216
vn 0.0901 0.5500 0.8302
vn -0.0107 0.6007 0.7994
vn 0.4454 0.5578 0.7003
vn 0.0427 0.5555 -0.8304
vn 0.0134 0.9798 -0.1995
vn 0.0152 0.9888 -0.1484
vn 0.2937 0.5276 0.7971
vn 0.2155 0.5255 -0.8230
vn -0.2994 0.7337 0.6099
vn -0.4669 0.7373 0.4882
vn 0.1928 0.5292 0.8263
vn 0.3367 0.5256 -0.7812
vn -0.5945 0.7082 0.3807
vn 0.4742 0.5343 -0.6998
vn -0.6545 0.6907 0.3074
vn -0.1296 0.6784 0.7232
vn 0.5867 0.5383 -0.6050
vn -0.6656 0.7171 0.2068
vn 0.0685 0.9976 -0.0060
vn 0.0905 0.9955 -0.0285
vn 0.0811 0.9321 0.3529
vn 0.1116 0.9164 0.3843
vn 0.1015 0.9934 -0.0522
vn 0.0239 0.9540 0.2989
vn 0.1161 0.9910 -0.0669
vn -0.0387 0.9685 0.2458
vn 0.1251 0.9890 -0.0787
vn -0.1038 0.9786 0.1776
vn 0.1245 0.9886 -0.0851
vn -0.1784 0.9776 0.1114
vn 0.1495 0.9880 -0.0382
vn -0.1890 0.9745 0.1204
vn 0.1776 0.9841 -0.0012
vn -0.1695 0.9798 0.1057
vn 0.1837 0.9829 -0.0134
vn -0.1691 0.9856 0.0020
vn 0.1784 0.9839 -0.0100
vn -0.1626 0.9832 -0.0832
vn 0.1658 0.9861 -0.0128
vn -0.1367 0.9765 -0.1668
vn 0.1480 0.9884 -0.0343
vn -0.1092 0.9584 -0.2636
vn 0.1187 0.9917 -0.0491
vn -0.0905 0.9414 -0.3249
vn 0.0852 0.9946 -0.0588
vn -0.0795 0.9326 -0.3521
vn 0.0548 0.9961 -0.0687
vn -0.0608 0.9272 -0.3697
vn 0.0276 0.9968 -0.0746
vn -0.0390 0.9253 -0.3772
vn 0.0485 0.9954 -0.0820
vn 0.0565 0.9250 -0.3757
vn 0.0727 0.9926 -0.0965
vn 0.1521 0.9113 -0.3827
vn 0.0681 0.9919 -0.1073
vn 0.1843 0.9094 -0.3728
vn 0.0893 0.9908 -0.1014
vn 0.2421 0.9106 -0.3351
vn 0.1041 0.9897 -0.0978
vn 0.2887 0.9106 -0.2956
vn 0.0978 0.9899 -0.1023
vn 0.3029 0.9168 -0.2603
vn 0.0867 0.9911 -0.1005
vn 0.3075 0.9268 -0.2154
vn 0.0798 0.9943 -0.0707
vn 0.3140 0.9416 -0.1211
vn 0.0793 0.9965 -0.0250
vn 0.3331 0.9429 0.0034
vn 0.0788 0.9969 0.0002
vn 0.3465 0.9331 0.0963
vn 0.0785 0.9969 0.0044
vn 0.3544 0.9217 0.1578
vn 0.0768 0.9970 -0.0059
vn 0.3505 0.9160 0.1951
vn 0.0648 0.9978 -0.0121
vn 0.3148 0.9184 0.2396
vn 0.0221 0.9997 0.0100
vn 0.2050 0.9222 0.3280
vn 0.0078 0.9996 0.0251
vn 0.1286 0.9099 0.3943
vn 0.0398 0.9991 0.0119
vn 0.1240 0.9100 0.3957
vn 0.2482 0.5271 0.8127
vn 0.2255 0.5167 0.8259
vn 0.0851 0.5874 0.8048
vn -0.2660 0.7178 0.6434
vn -0.5724 0.7140 0.4032
vn -0.6334 0.6978 0.3345
vn -0.6503 0.6920 0.3132
vn -0.6915 0.6783 0.2482
vn -0.6902 0.7038 0.1679
vn -0.6491 0.7530 -0.1083
vn -0.5335 0.6731 -0.5121
vn -0.4149 0.5698 -0.7094
vn -0.3596 0.5625 -0.7444
vn -0.3254 0.5815 -0.7456
vn -0.2280 0.5882 -0.7758
vn -0.1345 0.6064 -0.7837
vn 0.0840 0.5334 -0.8416
vn 0.2619 0.5559 -0.7889
vn 0.3060 0.5639 -0.7670
vn 0.4230 0.5709 -0.7036
vn 0.4738 0.5848 -0.6584
vn 0.4926 0.5888 -0.6408
vn 0.5906 0.6179 -0.5189
vn 0.7049 0.6700 -0.2327
vn 0.7090 0.6810 0.1831
vn 0.6781 0.6074 0.4138
vn 0.6718 0.5961 0.4397
vn 0.6462 0.5866 0.4881
vn 0.5717 0.5864 0.5737
vn 0.4114 0.5273 0.7434
vn 0.2174 0.5694 0.7928
vn 0.2247 0.5183 0.8251
vn 0.0197 0.9915 -0.1282
vn 0.0474 0.9888 -0.1417
vn 0.0827 0.9851 -0.1505
vn 0.1159 0.9818 -0.1500
vn 0.1431 0.9802 -0.1364
vn 0.1667 0.9798 -0.1107
vn 0.1911 0.9787 -0.0744
vn 0.2140 0.9760 -0.0406
vn 0.2261 0.9740 -0.0129
vn 0.2239 0.9745 0.0122
vn 0.2038 0.9786 0.0284
vn 0.1686 0.9849 0.0378
vn 0.1299 0.9908 0.0385
vn 0.0964 0.9948 0.0305
vn 0.0673 0.9975 0.0195
vn 0.0426 0.9990 0.0111
vn 0.0320 0.9995 0.0025
vn 0.0250 0.9996 -0.0109
vn 0.0210 0.9995 -0.0212
vn 0.0329 0.9992 -0.0226
vn 0.0407 0.9988 -0.0274
vn 0.0340 0.9987 -0.0366
vn 0.0203 0.9989 -0.0427
vn 0.0049 0.9990 -0.0452
vn -0.0044 0.9990 -0.0450
vn -0.0081 0.9987 -0.0489
vn -0.0121 0.9981 -0.0596
vn -0.0200 0.9971 -0.0728
vn -0.0278 0.9957 -0.0882
vn -0.0315 0.9945 -0.0998
vn -0.0222 0.9940 -0.1065
vn -0.0017 0.9933 -0.1158
vn -0.0013 -0.4088 -0.9126
vn 0.1758 -0.4101 -0.8949
vn 0.0783 -0.9158 -0.3938
vn 0.0000 -0.9158 -0.4016
vn 0.3474 -0.4115 -0.8426
vn 0.1537 -0.9158 -0.3710
vn 0.5061 -0.4121 -0.7576
vn 0.2231 -0.9158 -0.3339
vn 0.6453 -0.4116 -0.6435
vn 0.2839 -0.9158 -0.2839
vn 0.7590 -0.4105 -0.5053
vn 0.8430 -0.4097 -0.3485
vn 0.8948 -0.4096 -0.1778
vn 0.9120 -0.4101 -0.0010
vn 0.8942 -0.4112 0.1769
vn 0.3938 -0.9158 0.0783
vn 0.8417 -0.4110 0.3501
vn 0.3710 -0.9158 0.1537
vn 0.7576 -0.4096 0.5082
vn 0.3339 -0.9158 0.2231
vn 0.6452 -0.4087 0.6455
vn 0.2839 -0.9158 0.2839
vn 0.5069 -0.4085 0.7590
vn 0.2231 -0.9158 0.3339
vn 0.3494 -0.4085 0.8433
vn 0.1537 -0.9158 0.3710
vn 0.1791 -0.4089 0.8948
vn 0.0783 -0.9158 0.3938
vn -0.0004 -0.4091 0.9124
vn 0.0000 -0.9158 0.4016
vn -0.1799 -0.4082 0.8950
vn -0.0783 -0.9158 0.3938
vn -0.3501 -0.4074 0.8435
vn -0.1537 -0.9158 0.3710
vn -0.5074 -0.4072 0.7594
vn -0.2231 -0.9158 0.3339
vn -0.6450 -0.4075 0.6464
vn -0.2839 -0.9158 0.2839
vn -0.7575 -0.4087 0.5090
vn -0.3339 -0.9158 0.2231
vn -0.8419 -0.4102 0.3507
vn -0.3710 -0.9158 0.1537
vn -0.8940 -0.4111 0.1782
vn -0.3938 -0.9158 0.0783
vn -0.9117 -0.4108 -0.0011
vn -0.4016 -0.9158 0.0000
vn -0.8943 -0.4096 -0.1799
vn -0.3938 -0.9158 -0.0783
vn -0.8429 -0.4085 -0.3503
vn -0.3710 -0.9158 -0.1537
vn -0.7592 -0.4082 -0.5068
vn -0.3339 -0.9158 -0.2231
vn -0.6463 -0.4089 -0.6442
vn -0.2839 -0.9158 -0.2839
vn -0.5068 -0.4095 -0.7585
vn -0.2231 -0.9158 -0.3339
vn -0.3480 -0.4089 -0.8436
vn -0.1537 -0.9158 -0.3710
vn -0.1779 -0.4084 -0.8953
vn -0.0783 -0.9158 -0.3938
vn 0.0030 -0.0095 -0.9999
vn -0.0187 -0.0639 -0.9978
vn 0.1704 -0.0564 -0.9837
vn 0.1996 -0.0112 -0.9798
vn 0.5556 -0.0135 -0.8314
vn 0.5531 -0.0438 -0.8320
vn 0.7105 -0.0556 -0.7014
vn 0.7054 -0.0133 -0.7086
vn -0.3854 -0.0102 -0.9227
vn -0.3694 -0.0536 -0.9277
vn -0.1949 -0.0613 -0.9789
vn -0.1958 -0.0095 -0.9806
vn -0.5555 -0.0147 -0.8314
vn -0.5554 -0.0284 -0.8311
vn -0.7050 -0.0103 -0.7091
vn -0.7176 -0.0506 -0.6945
vn -0.8309 -0.0094 -0.5563
vn -0.8329 -0.0555 -0.5506
vn -0.9247 -0.0092 -0.3806
vn -0.9178 -0.0556 -0.3931
vn -0.9815 -0.0110 -0.1912
vn -0.9759 -0.0453 -0.2135
vn -0.9999 -0.0136 0.0019
vn -0.9993 -0.0359 -0.0094
vn -0.9808 -0.0129 0.1944
vn -0.9795 -0.0445 0.1964
vn -0.9250 -0.0132 0.3798
vn -0.9172 -0.0428 0.3960
vn -0.8340 -0.0102 0.5517
vn -0.8140 -0.0532 0.5784
vn -0.7086 -0.0086 0.7055
vn -0.6951 -0.0585 0.7165
vn -0.5556 -0.0103 0.8314
vn -0.5549 -0.0483 0.8305
vn -0.3814 -0.0091 0.9243
vn -0.3913 -0.0566 0.9185
vn -0.1914 -0.0098 0.9814
vn -0.2170 -0.0549 0.9746
vn 0.0006 -0.0147 0.9999
vn -0.0018 -0.0292 0.9995
vn 0.1930 -0.0102 0.9811
vn 0.2064 -0.0543 0.9770
vn 0.3825 -0.0097 0.9239
vn 0.3822 -0.0585 0.9222
vn 0.5578 -0.0105 0.8299
vn 0.5528 -0.0539 0.8316
vn 0.7131 -0.0085 0.7010
vn 0.7015 -0.0616 0.7100
vn 0.8357 -0.0095 0.5491
vn 0.8212 -0.0533 0.5681
vn 0.9246 -0.0124 0.3807
vn 0.9208 -0.0364 0.3883
vn 0.9805 -0.0123 0.1961
vn 0.9816 -0.0338 0.1881
vn 0.9999 -0.0094 0.0068
vn 0.9984 -0.0568 -0.0031
vn 0.9822 -0.0094 -0.1875
vn 0.9784 -0.0841 -0.1890
vn 0.9243 -0.0096 -0.3815
vn 0.9220 -0.1038 -0.3729
vn 0.8297 -0.0107 -0.5580
vn 0.8394 -0.0878 -0.5363
vn 0.3740 -0.0423 -0.9265
vn 0.3851 -0.0136 -0.9228
vn 0.0161 0.9998 0.0062
vn 0.0107 0.9999 0.0053
vn 0.0068 0.9999 0.0040
vn 0.0028 1.0000 0.0017
vn -0.0033 1.0000 -0.0034
vn -0.0081 0.9999 -0.0086
vn -0.0106 0.9998 -0.0129
vn -0.0127 0.9997 -0.0189
vn -0.0138 0.9995 -0.0268
vn -0.0132 0.9992 -0.0359
vn -0.0104 0.9989 -0.0454
vn -0.0057 0.9985 -0.0542
vn 0.0004 0.9981 -0.0614
vn 0.0070 0.9977 -0.0665
vn 0.0132 0.9975 -0.0695
vn 0.0182 0.9973 -0.0708
vn 0.0217 0.9972 -0.0712
vn 0.0241 0.9972 -0.0712
vn 0.0362 0.9971 -0.0667
vn 0.0521 0.9969 -0.0585
vn 0.0574 0.9969 -0.0541
vn 0.0584 0.9969 -0.0522
vn 0.0598 0.9969 -0.0497
vn 0.0611 0.9970 -0.0461
vn 0.0620 0.9972 -0.0407
vn 0.0617 0.9975 -0.0333
vn 0.0595 0.9979 -0.0244
vn 0.0550 0.9984 -0.0154
vn 0.0483 0.9988 -0.0071
vn 0.0402 0.9992 -0.0005
vn 0.0314 0.9995 0.0038
vn 0.0231 0.9997 0.0059
vn 0.0233 0.9992 -0.0323
usemtl Material
s 1
f 406/1/1 231/2/2 233/3/3 407/4/4
f 69/5/5 71/6/6 230/7/7 226/8/8
f 71/6/6 73/9/9 232/10/10 230/7/7
f 73/9/9 75/11/11 234/12/12 232/10/10
f 75/11/11 77/13/13 236/14/14 234/12/12
f 77/13/13 79/15/15 238/16/16 236/14/14
f 79/15/15 81/17/17 240/18/18 238/16/16
f 81/17/17 83/19/19 242/20/20 240/18/18
f 83/19/19 85/21/21 244/22/22 242/20/20
f 85/21/21 87/23/23 246/24/24 244/22/22
f 87/23/23 89/25/25 248/26/26 246/24/24
f 89/25/25 91/27/27 250/28/28 248/26/26
f 91/27/27 93/29/29 252/30/30 250/28/28
f 93/29/29 95/31/31 254/32/32 252/30/30
f 95/31/31 97/33/33 256/34/34 254/32/32
f 97/33/33 99/35/35 258/36/36 256/34/34
f 99/35/35 101/37/37 260/38/38 258/36/36
f 101/37/37 103/39/39 262/40/40 260/38/38
f 103/39/39 105/41/41 264/42/42 262/40/40
f 105/41/41 107/43/43 266/44/44 264/42/42
f 107/43/43 109/45/45 268/46/46 266/44/44
f 109/45/45 111/47/47 270/48/48 268/46/46
f 111/47/47 113/49/49 272/50/50 270/48/48
f 113/51/49 115/52/51 274/53/52 272/54/50
f 115/52/51 117/55/53 276/56/54 274/53/52
f 117/55/53 119/57/55 278/58/56 276/56/54
f 119/57/55 121/59/57 280/60/58 278/58/56
f 121/59/57 123/61/59 282/62/60 280/60/58
f 123/61/59 125/63/61 284/64/62 282/62/60
f 125/63/61 127/65/63 286/66/64 284/64/62
f 172/67/65 169/68/66 448/69/67 449/70/68
f 127/65/63 129/71/69 288/72/70 286/66/64
f 129/71/69 66/73/71 229/74/72 288/72/70
f 404/75/73 289/76/74 228/77/75 403/78/76
f 532/79/77 533/80/78 65/81/79 35/82/80
f 535/83/81 534/84/82 36/85/83 37/86/84
f 536/87/85 535/83/81 37/86/84 38/88/86
f 537/89/87 536/87/85 38/88/86 39/90/88
f 538/91/89 537/89/87 39/90/88 40/92/90
f 539/93/91 538/91/89 40/92/90 41/94/92
f 540/95/93 539/93/91 41/94/92 42/96/94
f 541/97/95 540/95/93 42/96/94 43/98/96
f 542/99/97 541/97/95 43/98/96 44/100/98
f 543/101/99 542/99/97 44/100/98 45/102/100
f 544/103/101 543/101/99 45/102/100 46/104/102
f 545/105/103 544/103/101 46/104/102 47/106/104
f 546/107/105 545/105/103 47/106/104 48/108/106
f 547/109/107 546/107/105 48/108/106 49/110/108
f 548/111/109 547/109/107 49/110/108 50/112/110
f 549/113/111 548/111/109 50/112/110 51/114/112
f 550/115/113 549/113/111 51/114/112 52/116/114
f 551/117/115 550/115/113 52/116/114 53/118/116
f 552/119/117 551/117/115 53/118/116 54/120/118
f 553/121/119 552/119/117 54/120/118 55/122/120
f 554/123/121 553/121/119 55/122/120 56/124/122
f 555/125/123 554/123/121 56/124/122 57/126/124
f 556/127/125 555/128/123 57/129/124 58/130/126
f 557/131/127 556/127/125 58/130/126 59/132/128
f 558/133/129 557/131/127 59/132/128 60/134/130
f 559/135/131 558/133/129 60/134/130 61/136/132
f 560/137/133 559/135/131 61/136/132 62/138/134
f 561/139/135 560/137/133 62/138/134 63/140/136
f 562/141/137 561/139/135 63/140/136 64/142/138
f 533/80/78 562/141/137 64/142/138 65/81/79
f 534/84/82 531/143/139 34/144/140 36/85/83
f 196/145/141 193/146/142 456/147/143 457/148/144
f 214/149/145 211/150/146 462/151/147 463/152/148
f 175/153/149 172/67/65 449/70/68 450/154/150
f 217/155/151 214/149/145 463/152/148 464/156/152
f 178/157/153 175/153/149 450/154/150 451/158/154
f 136/159/155 130/160/156 435/161/157 437/162/158
f 220/163/159 217/155/151 464/156/152 465/164/160
f 181/165/161 178/157/153 451/158/154 452/166/162
f 307/167/163 32/168/164 303/169/165 305/170/166
f 223/171/167 220/163/159 465/164/160 466/172/168
f 184/173/169 181/165/161 452/166/162 453/174/170
f 145/175/171 142/176/172 439/177/173 440/178/174
f 187/179/175 184/173/169 453/174/170 454/180/176
f 148/181/177 145/175/171 440/178/174 441/182/178
f 190/183/179 187/179/175 454/180/176 455/184/180
f 151/185/181 148/181/177 441/182/178 442/186/182
f 142/176/172 139/187/183 438/188/184 439/177/173
f 56/124/122 55/122/120 606/189/185 608/190/186
f 154/191/187 151/185/181 442/186/182 443/192/188
f 193/146/142 190/183/179 455/184/180 456/147/143
f 157/193/189 154/191/187 443/192/188 444/194/190
f 199/195/191 196/145/141 457/148/144 458/196/192
f 160/197/193 157/193/189 444/194/190 445/198/194
f 202/199/195 199/195/191 458/196/192 459/200/196
f 163/201/197 160/197/193 445/198/194 446/202/198
f 205/203/199 202/199/195 459/200/196 460/204/200
f 166/205/201 163/201/197 446/202/198 447/206/202
f 208/207/203 205/203/199 460/204/200 461/208/204
f 169/68/66 166/205/201 447/206/202 448/69/67
f 211/150/146 208/207/203 461/208/204 462/151/147
f 405/209/205 227/210/206 231/2/2 406/1/1
f 139/187/183 136/159/155 437/162/158 438/188/184
f 408/211/207 235/212/208 237/213/209 409/214/210
f 409/214/210 237/213/209 239/215/211 410/216/212
f 410/216/212 239/215/211 241/217/213 411/218/214
f 411/218/214 241/217/213 243/219/215 412/220/216
f 412/220/216 243/219/215 245/221/217 413/222/218
f 413/222/218 245/221/217 247/223/219 414/224/220
f 414/224/220 247/223/219 249/225/221 415/226/222
f 415/226/222 249/225/221 251/227/223 416/228/224
f 416/228/224 251/227/223 253/229/225 417/230/226
f 417/230/226 253/229/225 255/231/227 418/232/228
f 418/232/228 255/231/227 257/233/229 419/234/230
f 419/234/230 257/233/229 259/235/231 420/236/232
f 420/236/232 259/235/231 261/237/233 421/238/234
f 421/238/234 261/237/233 263/239/235 422/240/236
f 422/240/236 263/239/235 265/241/237 423/242/238
f 423/242/238 265/241/237 267/243/239 424/244/240
f 424/244/240 267/243/239 269/245/241 425/246/242
f 425/246/242 269/245/241 271/247/243 426/248/244
f 426/248/244 271/247/243 273/249/245 427/250/246
f 427/251/246 273/252/245 275/253/247 428/254/248
f 428/254/248 275/253/247 277/255/249 429/256/250
f 429/256/250 277/255/249 279/257/251 430/258/252
f 430/258/252 279/257/251 281/259/253 431/260/254
f 431/260/254 281/259/253 283/261/255 432/262/256
f 432/262/256 283/261/255 285/263/257 433/264/258
f 433/264/258 285/263/257 287/265/259 434/266/260
f 434/266/260 287/265/259 289/76/74 404/75/73
f 32/168/164 25/267/164 301/268/261 303/169/165
f 407/4/4 233/3/3 235/212/208 408/211/207
f 43/98/96 42/96/94 580/269/262 582/270/263
f 57/126/124 56/124/122 608/190/186 610/271/264
f 44/100/98 43/98/96 582/270/263 584/272/265
f 58/130/126 57/129/124 610/273/264 612/274/266
f 45/102/100 44/100/98 584/272/265 586/275/267
f 59/132/128 58/130/126 612/274/266 614/276/268
f 46/104/102 45/102/100 586/275/267 588/277/269
f 60/134/130 59/132/128 614/276/268 616/278/270
f 47/106/104 46/104/102 588/277/269 590/279/271
f 61/136/132 60/134/130 616/278/270 618/280/272
f 48/108/106 47/106/104 590/279/271 592/281/273
f 62/138/134 61/136/132 618/280/272 620/282/274
f 49/110/108 48/108/106 592/281/273 594/283/275
f 34/144/140 35/82/80 565/284/276 564/285/277
f 63/140/136 62/138/134 620/282/274 622/286/278
f 50/112/110 49/110/108 594/283/275 596/287/279
f 134/288/280 223/171/167 466/172/168 436/289/281
f 64/142/138 63/140/136 622/286/278 624/290/282
f 51/114/112 50/112/110 596/287/279 598/291/283
f 38/88/86 37/86/84 570/292/284 572/293/285
f 65/81/79 64/142/138 624/290/282 626/294/286
f 52/116/114 51/114/112 598/291/283 600/295/287
f 39/90/88 38/88/86 572/293/285 574/296/288
f 53/118/116 52/116/114 600/295/287 602/297/289
f 40/92/90 39/90/88 574/296/288 576/298/290
f 37/86/84 36/85/83 568/299/291 570/292/284
f 54/120/118 53/118/116 602/297/289 604/300/292
f 41/94/92 40/92/90 576/298/290 578/301/293
f 55/122/120 54/120/118 604/300/292 606/189/185
f 42/96/94 41/94/92 578/301/293 580/269/262
f 133/302/294 131/303/295 563/304/296 566/305/297
f 131/303/295 137/306/298 567/307/299 563/304/296
f 137/306/298 140/308/300 569/309/301 567/307/299
f 140/308/300 143/310/302 571/311/303 569/309/301
f 143/310/302 146/312/304 573/313/305 571/311/303
f 146/312/304 149/314/306 575/315/307 573/313/305
f 149/314/306 152/316/308 577/317/309 575/315/307
f 152/316/308 155/318/310 579/319/311 577/317/309
f 155/318/310 158/320/312 581/321/313 579/319/311
f 158/320/312 161/322/314 583/323/315 581/321/313
f 161/322/314 164/324/316 585/325/317 583/323/315
f 164/324/316 167/326/318 587/327/319 585/325/317
f 167/326/318 170/328/320 589/329/321 587/327/319
f 170/328/320 173/330/322 591/331/323 589/329/321
f 173/330/322 176/332/324 593/333/325 591/331/323
f 176/332/324 179/334/326 595/335/327 593/333/325
f 179/334/326 182/336/328 597/337/329 595/335/327
f 182/336/328 185/338/330 599/339/331 597/337/329
f 185/338/330 188/340/332 601/341/333 599/339/331
f 188/340/332 191/342/334 603/343/335 601/341/333
f 191/342/334 194/344/336 605/345/337 603/343/335
f 194/344/336 197/346/338 607/347/339 605/345/337
f 197/346/338 200/348/340 609/349/341 607/347/339
f 200/348/340 203/350/342 611/351/343 609/349/341
f 203/350/342 206/352/344 613/353/345 611/351/343
f 206/352/344 209/354/346 615/355/347 613/353/345
f 209/354/346 212/356/348 617/357/349 615/355/347
f 212/356/348 215/358/350 619/359/351 617/357/349
f 215/358/350 218/360/352 621/361/353 619/359/351
f 218/360/352 221/362/354 623/363/355 621/361/353
f 221/362/354 224/364/356 625/365/357 623/363/355
f 224/364/356 133/302/294 566/305/297 625/365/357
f 130/160/156 134/288/280 436/289/281 435/161/157
f 69/5/5 66/73/71 67/366/358 68/367/359
f 71/6/6 69/5/5 68/367/359 70/368/360
f 73/9/9 71/6/6 70/368/360 72/369/361
f 75/11/11 73/9/9 72/369/361 74/370/362
f 77/13/13 75/11/11 74/370/362 76/371/363
f 79/15/15 77/13/13 76/371/363 78/372/364
f 81/17/17 79/15/15 78/372/364 80/373/365
f 83/19/19 81/17/17 80/373/365 82/374/366
f 85/21/21 83/19/19 82/374/366 84/375/367
f 87/23/23 85/21/21 84/375/367 86/376/368
f 89/25/25 87/23/23 86/376/368 88/377/369
f 91/27/27 89/25/25 88/377/369 90/378/370
f 93/29/29 91/27/27 90/378/370 92/379/371
f 95/31/31 93/29/29 92/379/371 94/380/372
f 97/33/33 95/31/31 94/380/372 96/381/373
f 99/35/35 97/33/33 96/381/373 98/382/374
f 101/37/37 99/35/35 98/382/374 100/383/375
f 103/39/39 101/37/37 100/383/375 102/384/376
f 105/41/41 103/39/39 102/384/376 104/385/377
f 107/43/43 105/41/41 104/385/377 106/386/378
f 109/45/45 107/43/43 106/386/378 108/387/379
f 111/47/47 109/45/45 108/387/379 110/388/380
f 113/49/49 111/47/47 110/388/380 112/389/381
f 115/52/51 113/51/49 112/390/381 114/391/382
f 117/55/53 115/52/51 114/391/382 116/392/383
f 119/57/55 117/55/53 116/392/383 118/393/384
f 121/59/57 119/57/55 118/393/384 120/394/385
f 123/61/59 121/59/57 120/394/385 122/395/386
f 125/63/61 123/61/59 122/395/386 124/396/387
f 127/65/63 125/63/61 124/396/387 126/397/388
f 129/71/69 127/65/63 126/397/388 128/398/389
f 66/73/71 129/71/69 128/398/389 67/366/358
f 531/143/139 532/79/77 35/82/80 34/144/140
f 131/303/295 133/302/294 135/399/390 132/400/391
f 132/400/391 135/399/390 134/288/280 130/160/156
f 137/306/298 131/303/295 132/400/391 138/401/392
f 138/401/392 132/400/391 130/160/156 136/159/155
f 140/308/300 137/306/298 138/401/392 141/402/393
f 141/402/393 138/401/392 136/159/155 139/187/183
f 143/310/302 140/308/300 141/402/393 144/403/394
f 144/403/394 141/402/393 139/187/183 142/176/172
f 146/312/304 143/310/302 144/403/394 147/404/395
f 147/404/395 144/403/394 142/176/172 145/175/171
f 149/314/306 146/312/304 147/404/395 150/405/396
f 150/405/396 147/404/395 145/175/171 148/181/177
f 152/316/308 149/314/306 150/405/396 153/406/397
f 153/406/397 150/405/396 148/181/177 151/185/181
f 155/318/310 152/316/308 153/406/397 156/407/398
f 156/407/398 153/406/397 151/185/181 154/191/187
f 158/320/312 155/318/310 156/407/398 159/408/399
f 159/408/399 156/407/398 154/191/187 157/193/189
f 161/322/314 158/320/312 159/408/399 162/409/400
f 162/409/400 159/408/399 157/193/189 160/197/193
f 164/324/316 161/322/314 162/409/400 165/410/401
f 165/410/401 162/409/400 160/197/193 163/201/197
f 167/326/318 164/324/316 165/410/401 168/411/402
f 168/411/402 165/410/401 163/201/197 166/205/201
f 170/328/320 167/326/318 168/411/402 171/412/403
f 171/412/403 168/411/402 166/205/201 169/68/66
f 173/330/322 170/328/320 171/412/403 174/413/404
f 174/413/404 171/412/403 169/68/66 172/67/65
f 176/332/324 173/330/322 174/413/404 177/414/405
f 177/414/405 174/413/404 172/67/65 175/153/149
f 179/334/326 176/332/324 177/414/405 180/415/406
f 180/415/406 177/414/405 175/153/149 178/157/153
f 182/336/328 179/334/326 180/415/406 183/416/407
f 183/416/407 180/415/406 178/157/153 181/165/161
f 185/338/330 182/336/328 183/416/407 186/417/408
f 186/417/408 183/416/407 181/165/161 184/173/169
f 188/340/332 185/338/330 186/417/408 189/418/409
f 189/418/409 186/417/408 184/173/169 187/179/175
f 191/342/334 188/340/332 189/418/409 192/419/410
f 192/419/410 189/418/409 187/179/175 190/183/179
f 194/344/336 191/342/334 192/419/410 195/420/411
f 195/420/411 192/419/410 190/183/179 193/146/142
f 197/346/338 194/344/336 195/420/411 198/421/412
f 198/421/412 195/420/411 193/146/142 196/145/141
f 200/348/340 197/346/338 198/421/412 201/422/413
f 201/422/413 198/421/412 196/145/141 199/195/191
f 203/350/342 200/348/340 201/422/413 204/423/414
f 204/423/414 201/422/413 199/195/191 202/199/195
f 206/352/344 203/350/342 204/423/414 207/424/415
f 207/424/415 204/423/414 202/199/195 205/203/199
f 209/354/346 206/352/344 207/424/415 210/425/416
f 210/425/416 207/424/415 205/203/199 208/207/203
f 212/356/348 209/354/346 210/425/416 213/426/417
f 213/426/417 210/425/416 208/207/203 211/150/146
f 215/358/350 212/356/348 213/426/417 216/427/418
f 216/427/418 213/426/417 211/150/146 214/149/145
f 218/360/352 215/358/350 216/427/418 219/428/419
f 219/428/419 216/427/418 214/149/145 217/155/151
f 221/362/354 218/360/352 219/428/419 222/429/420
f 222/429/420 219/428/419 217/155/151 220/163/159
f 224/364/356 221/362/354 222/429/420 225/430/421
f 225/430/421 222/429/420 220/163/159 223/171/167
f 133/302/294 224/364/356 225/430/421 135/399/390
f 135/399/390 225/430/421 223/171/167 134/288/280
f 35/82/80 65/81/79 626/294/286 565/284/276
f 227/210/206 228/77/75 229/74/72 226/8/8
f 231/2/2 227/210/206 226/8/8 230/7/7
f 233/3/3 231/2/2 230/7/7 232/10/10
f 235/212/208 233/3/3 232/10/10 234/12/12
f 237/213/209 235/212/208 234/12/12 236/14/14
f 239/215/211 237/213/209 236/14/14 238/16/16
f 241/217/213 239/215/211 238/16/16 240/18/18
f 243/219/215 241/217/213 240/18/18 242/20/20
f 245/221/217 243/219/215 242/20/20 244/22/22
f 247/223/219 245/221/217 244/22/22 246/24/24
f 249/225/221 247/223/219 246/24/24 248/26/26
f 251/227/223 249/225/221 248/26/26 250/28/28
f 253/229/225 251/227/223 250/28/28 252/30/30
f 255/231/227 253/229/225 252/30/30 254/32/32
f 257/233/229 255/231/227 254/32/32 256/34/34
f 259/235/231 257/233/229 256/34/34 258/36/36
f 261/237/233 259/235/231 258/36/36 260/38/38
f 263/239/235 261/237/233 260/38/38 262/40/40
f 265/241/237 263/239/235 262/40/40 264/42/42
f 267/243/239 265/241/237 264/42/42 266/44/44
f 269/245/241 267/243/239 266/44/44 268/46/46
f 271/247/243 269/245/241 268/46/46 270/48/48
f 273/249/245 271/247/243 270/48/48 272/50/50
f 275/253/247 273/252/245 272/54/50 274/53/52
f 277/255/249 275/253/247 274/53/52 276/56/54
f 279/257/251 277/255/249 276/56/54 278/58/56
f 281/259/253 279/257/251 278/58/56 280/60/58
f 283/261/255 281/259/253 280/60/58 282/62/60
f 285/263/257 283/261/255 282/62/60 284/64/62
f 287/265/259 285/263/257 284/64/62 286/66/64
f 289/76/74 287/265/259 286/66/64 288/72/70
f 228/77/75 289/76/74 288/72/70 229/74/72
f 66/73/71 69/5/5 226/8/8 229/74/72
f 291/431/422 292/432/423 293/433/424 290/434/425
f 292/432/423 294/435/426 295/436/427 293/433/424
f 294/435/426 296/437/428 297/438/429 295/436/427
f 296/437/428 298/439/430 299/440/431 297/438/429
f 298/439/430 300/441/432 301/442/261 299/440/431
f 300/441/432 302/443/433 303/444/165 301/442/261
f 302/443/433 304/445/434 305/446/166 303/444/165
f 304/445/434 306/447/435 307/448/163 305/446/166
f 306/447/435 308/449/436 309/450/437 307/448/163
f 308/449/436 310/451/438 311/452/439 309/450/437
f 310/451/438 312/453/440 313/454/441 311/452/439
f 312/453/440 314/455/442 315/456/443 313/454/441
f 314/455/442 316/457/444 317/458/445 315/456/443
f 316/457/444 318/459/446 319/460/447 317/458/445
f 318/459/446 320/461/448 321/462/449 319/460/447
f 320/461/448 322/463/450 323/464/451 321/462/449
f 322/463/450 324/465/452 325/466/453 323/464/451
f 324/465/452 326/467/454 327/468/455 325/466/453
f 326/467/454 328/469/456 329/470/457 327/468/455
f 328/469/456 330/471/458 331/472/459 329/470/457
f 330/471/458 332/473/460 333/474/461 331/472/459
f 332/473/460 334/475/462 335/476/463 333/474/461
f 334/475/462 336/477/464 337/478/465 335/476/463
f 336/479/464 338/480/466 339/481/467 337/482/465
f 338/480/466 340/483/468 341/484/469 339/481/467
f 340/483/468 342/485/470 343/486/471 341/484/469
f 342/485/470 344/487/472 345/488/473 343/486/471
f 344/487/472 346/489/474 347/490/475 345/488/473
f 346/489/474 348/491/476 349/492/477 347/490/475
f 348/491/476 350/493/478 351/494/479 349/492/477
f 350/493/478 352/495/480 353/496/481 351/494/479
f 352/495/480 291/431/422 290/434/425 353/496/481
f 403/78/76 228/77/75 227/210/206 405/209/205
f 25/267/164 18/497/164 299/498/431 301/268/261
f 18/497/164 11/499/164 297/500/429 299/498/431
f 11/499/164 4/501/164 295/502/427 297/500/429
f 4/501/164 357/503/164 293/504/424 295/502/427
f 357/503/164 364/505/164 290/506/425 293/504/424
f 364/505/164 351/507/479 353/508/481 290/506/425
f 309/509/437 31/510/164 32/168/164 307/167/163
f 31/510/164 24/511/164 25/267/164 32/168/164
f 24/511/164 17/512/164 18/497/164 25/267/164
f 17/512/164 10/513/164 11/499/164 18/497/164
f 10/513/164 3/514/164 4/501/164 11/499/164
f 3/514/164 358/515/164 357/503/164 4/501/164
f 358/515/164 365/516/164 364/505/164 357/503/164
f 365/516/164 349/517/477 351/507/479 364/505/164
f 311/518/439 30/519/164 31/510/164 309/509/437
f 30/519/164 23/520/164 24/511/164 31/510/164
f 23/520/164 16/521/164 17/512/164 24/511/164
f 16/521/164 9/522/164 10/513/164 17/512/164
f 9/522/164 2/523/164 3/514/164 10/513/164
f 2/523/164 359/524/164 358/515/164 3/514/164
f 359/524/164 366/525/164 365/516/164 358/515/164
f 366/525/164 347/526/475 349/517/477 365/516/164
f 313/527/441 29/528/164 30/519/164 311/518/439
f 29/528/164 22/529/164 23/520/164 30/519/164
f 22/529/164 15/530/164 16/521/164 23/520/164
f 15/530/164 8/531/164 9/522/164 16/521/164
f 8/531/164 1/532/164 2/523/164 9/522/164
f 1/532/164 360/533/164 359/524/164 2/523/164
f 360/533/164 367/534/164 366/525/164 359/524/164
f 367/534/164 345/535/473 347/526/475 366/525/164
f 315/536/443 28/537/164 29/528/164 313/527/441
f 28/537/164 21/538/164 22/529/164 29/528/164
f 21/538/164 14/539/164 15/530/164 22/529/164
f 14/539/164 7/540/164 8/531/164 15/530/164
f 7/540/164 354/541/164 1/532/164 8/531/164
f 354/541/164 361/542/164 360/533/164 1/532/164
f 361/542/164 368/543/164 367/534/164 360/533/164
f 368/543/164 343/544/471 345/535/473 367/534/164
f 317/545/445 27/546/164 28/537/164 315/536/443
f 27/546/164 20/547/164 21/538/164 28/537/164
f 20/547/164 13/548/164 14/539/164 21/538/164
f 13/548/164 6/549/164 7/540/164 14/539/164
f 6/549/164 355/550/164 354/541/164 7/540/164
f 355/550/164 362/551/164 361/542/164 354/541/164
f 362/551/164 369/552/164 368/543/164 361/542/164
f 369/552/164 341/553/469 343/544/471 368/543/164
f 319/554/447 26/555/164 27/546/164 317/545/445
f 26/555/164 19/556/164 20/547/164 27/546/164
f 19/556/164 12/557/164 13/548/164 20/547/164
f 12/557/164 5/558/164 6/549/164 13/548/164
f 5/558/164 356/559/164 355/550/164 6/549/164
f 356/559/164 363/560/164 362/551/164 355/550/164
f 363/560/164 370/561/164 369/552/164 362/551/164
f 370/561/164 339/562/467 341/553/469 369/552/164
f 321/563/449 323/564/451 26/555/164 319/554/447
f 323/564/451 325/565/453 19/556/164 26/555/164
f 325/565/453 327/566/455 12/557/164 19/556/164
f 327/566/455 329/567/457 5/558/164 12/557/164
f 329/567/457 331/568/459 356/559/164 5/558/164
f 331/568/459 333/569/461 363/560/164 356/559/164
f 333/569/461 335/570/463 370/561/164 363/560/164
f 335/570/463 337/571/465 339/562/467 370/561/164
f 529/572/482 371/573/483 372/574/484 499/575/485
f 501/576/486 375/577/487 376/578/488 502/579/489
f 528/580/490 402/581/491 373/582/492 530/583/493
f 527/584/494 401/585/495 402/581/491 528/580/490
f 526/586/496 400/587/497 401/585/495 527/584/494
f 525/588/498 399/589/499 400/587/497 526/586/496
f 524/590/500 398/591/501 399/589/499 525/588/498
f 523/592/502 397/593/503 398/591/501 524/590/500
f 522/594/504 396/595/505 397/593/503 523/592/502
f 521/596/506 395/597/507 396/595/505 522/594/504
f 520/598/508 394/599/509 395/600/507 521/601/506
f 519/602/510 393/603/511 394/599/509 520/598/508
f 518/604/512 392/605/513 393/603/511 519/602/510
f 517/606/514 391/607/515 392/605/513 518/604/512
f 516/608/516 390/609/517 391/607/515 517/606/514
f 515/610/518 389/611/519 390/609/517 516/608/516
f 514/612/520 388/613/521 389/611/519 515/610/518
f 513/614/522 387/615/523 388/613/521 514/612/520
f 512/616/524 386/617/525 387/615/523 513/614/522
f 511/618/526 385/619/527 386/617/525 512/616/524
f 510/620/528 384/621/529 385/619/527 511/618/526
f 509/622/530 383/623/531 384/621/529 510/620/528
f 508/624/532 382/625/533 383/623/531 509/622/530
f 507/626/534 381/627/535 382/625/533 508/624/532
f 506/628/536 380/629/537 381/627/535 507/626/534
f 505/630/538 379/631/539 380/629/537 506/628/536
f 504/632/540 378/633/541 379/631/539 505/630/538
f 503/634/542 377/635/543 378/633/541 504/632/540
f 502/579/489 376/578/488 377/635/543 503/634/542
f 499/575/485 372/574/484 374/636/544 500/637/545
f 530/583/493 373/582/492 371/573/483 529/572/482
f 500/637/545 374/636/544 375/577/487 501/576/486
f 371/573/483 403/78/76 405/209/205 372/574/484
f 375/577/487 407/4/4 408/211/207 376/578/488
f 402/581/491 434/266/260 404/75/73 373/582/492
f 401/585/495 433/264/258 434/266/260 402/581/491
f 400/587/497 432/262/256 433/264/258 401/585/495
f 399/589/499 431/260/254 432/262/256 400/587/497
f 398/591/501 430/258/252 431/260/254 399/589/499
f 397/593/503 429/256/250 430/258/252 398/591/501
f 396/595/505 428/254/248 429/256/250 397/593/503
f 395/597/507 427/251/246 428/254/248 396/595/505
f 394/599/509 426/248/244 427/250/246 395/600/507
f 393/603/511 425/246/242 426/248/244 394/599/509
f 392/605/513 424/244/240 425/246/242 393/603/511
f 391/607/515 423/242/238 424/244/240 392/605/513
f 390/609/517 422/240/236 423/242/238 391/607/515
f 389/611/519 421/238/234 422/240/236 390/609/517
f 388/613/521 420/236/232 421/238/234 389/611/519
f 387/615/523 419/234/230 420/236/232 388/613/521
f 386/617/525 418/232/228 419/234/230 387/615/523
f 385/619/527 417/230/226 418/232/228 386/617/525
f 384/621/529 416/228/224 417/230/226 385/619/527
f 383/623/531 415/226/222 416/228/224 384/621/529
f 382/625/533 414/224/220 415/226/222 383/623/531
f 381/627/535 413/222/218 414/224/220 382/625/533
f 380/629/537 412/220/216 413/222/218 381/627/535
f 379/631/539 411/218/214 412/220/216 380/629/537
f 378/633/541 410/216/212 411/218/214 379/631/539
f 377/635/543 409/214/210 410/216/212 378/633/541
f 376/578/488 408/211/207 409/214/210 377/635/543
f 372/574/484 405/209/205 406/1/1 374/636/544
f 373/582/492 404/75/73 403/78/76 371/573/483
f 374/636/544 406/1/1 407/4/4 375/577/487
f 468/638/546 467/639/547 435/161/157 436/289/281
f 467/639/547 469/640/548 437/162/158 435/161/157
f 469/640/548 470/641/549 438/188/184 437/162/158
f 470/641/549 471/642/550 439/177/173 438/188/184
f 471/642/550 472/643/551 440/178/174 439/177/173
f 472/643/551 473/644/552 441/182/178 440/178/174
f 473/644/552 474/645/553 442/186/182 441/182/178
f 474/645/553 475/646/554 443/192/188 442/186/182
f 475/646/554 476/647/555 444/194/190 443/192/188
f 476/647/555 477/648/556 445/198/194 444/194/190
f 477/648/556 478/649/557 446/202/198 445/198/194
f 478/649/557 479/650/558 447/206/202 446/202/198
f 479/650/558 480/651/559 448/69/67 447/206/202
f 480/651/559 481/652/560 449/70/68 448/69/67
f 481/652/560 482/653/561 450/154/150 449/70/68
f 482/653/561 483/654/562 451/158/154 450/154/150
f 483/654/562 484/655/563 452/166/162 451/158/154
f 484/655/563 485/656/564 453/174/170 452/166/162
f 485/656/564 486/657/565 454/180/176 453/174/170
f 486/657/565 487/658/566 455/184/180 454/180/176
f 487/658/566 488/659/567 456/147/143 455/184/180
f 488/659/567 489/660/568 457/148/144 456/147/143
f 489/660/568 490/661/569 458/196/192 457/148/144
f 490/661/569 491/662/570 459/200/196 458/196/192
f 491/662/570 492/663/571 460/204/200 459/200/196
f 492/663/571 493/664/572 461/208/204 460/204/200
f 493/664/572 494/665/573 462/151/147 461/208/204
f 494/665/573 495/666/574 463/152/148 462/151/147
f 495/666/574 496/667/575 464/156/152 463/152/148
f 496/667/575 497/668/576 465/164/160 464/156/152
f 497/668/576 498/669/577 466/172/168 465/164/160
f 498/669/577 468/638/546 436/289/281 466/172/168
f 33/670/578 467/639/547 468/638/546
f 33/670/578 469/640/548 467/639/547
f 33/670/578 470/641/549 469/640/548
f 33/670/578 471/642/550 470/641/549
f 33/670/578 472/643/551 471/642/550
f 33/670/578 473/644/552 472/643/551
f 33/670/578 474/645/553 473/644/552
f 33/670/578 475/646/554 474/645/553
f 33/670/578 476/647/555 475/646/554
f 33/670/578 477/648/556 476/647/555
f 33/670/578 478/649/557 477/648/556
f 33/670/578 479/650/558 478/649/557
f 33/670/578 480/651/559 479/650/558
f 33/670/578 481/652/560 480/651/559
f 33/670/578 482/653/561 481/652/560
f 33/670/578 483/654/562 482/653/561
f 33/670/578 484/655/563 483/654/562
f 33/670/578 485/656/564 484/655/563
f 33/670/578 486/657/565 485/656/564
f 33/670/578 487/658/566 486/657/565
f 33/670/578 488/659/567 487/658/566
f 33/670/578 489/660/568 488/659/567
f 33/670/578 490/661/569 489/660/568
f 33/670/578 491/662/570 490/661/569
f 33/670/578 492/663/571 491/662/570
f 33/670/578 493/664/572 492/663/571
f 33/670/578 494/665/573 493/664/572
f 33/670/578 495/666/574 494/665/573
f 33/670/578 496/667/575 495/666/574
f 33/670/578 497/668/576 496/667/575
f 33/670/578 498/669/577 497/668/576
f 33/670/578 468/638/546 498/669/577
f 294/435/426 500/637/545 501/576/486 296/437/428
f 352/495/480 530/583/493 529/572/482 291/431/422
f 292/432/423 499/575/485 500/637/545 294/435/426
f 298/439/430 502/579/489 503/634/542 300/441/432
f 300/441/432 503/634/542 504/632/540 302/443/433
f 302/443/433 504/632/540 505/630/538 304/445/434
f 304/445/434 505/630/538 506/628/536 306/447/435
f 306/447/435 506/628/536 507/626/534 308/449/436
f 308/449/436 507/626/534 508/624/532 310/451/438
f 310/451/438 508/624/532 509/622/530 312/453/440
f 312/453/440 509/622/530 510/620/528 314/455/442
f 314/455/442 510/620/528 511/618/526 316/457/444
f 316/457/444 511/618/526 512/616/524 318/459/446
f 318/459/446 512/616/524 513/614/522 320/461/448
f 320/461/448 513/614/522 514/612/520 322/463/450
f 322/463/450 514/612/520 515/610/518 324/465/452
f 324/465/452 515/610/518 516/608/516 326/467/454
f 326/467/454 516/608/516 517/606/514 328/469/456
f 328/469/456 517/606/514 518/604/512 330/471/458
f 330/471/458 518/604/512 519/602/510 332/473/460
f 332/473/460 519/602/510 520/598/508 334/475/462
f 334/475/462 520/598/508 521/601/506 336/477/464
f 336/479/464 521/596/506 522/594/504 338/480/466
f 338/480/466 522/594/504 523/592/502 340/483/468
f 340/483/468 523/592/502 524/590/500 342/485/470
f 342/485/470 524/590/500 525/588/498 344/487/472
f 344/487/472 525/588/498 526/586/496 346/489/474
f 346/489/474 526/586/496 527/584/494 348/491/476
f 348/491/476 527/584/494 528/580/490 350/493/478
f 350/493/478 528/580/490 530/583/493 352/495/480
f 296/437/428 501/576/486 502/579/489 298/439/430
f 291/431/422 529/572/482 499/575/485 292/432/423
f 68/367/359 67/366/358 532/79/77 531/143/139
f 70/368/360 68/367/359 531/143/139 534/84/82
f 128/398/389 126/397/388 562/141/137 533/80/78
f 126/397/388 124/396/387 561/139/135 562/141/137
f 124/396/387 122/395/386 560/137/133 561/139/135
f 122/395/386 120/394/385 559/135/131 560/137/133
f 120/394/385 118/393/384 558/133/129 559/135/131
f 118/393/384 116/392/383 557/131/127 558/133/129
f 116/392/383 114/391/382 556/127/125 557/131/127
f 114/391/382 112/390/381 555/128/123 556/127/125
f 112/389/381 110/388/380 554/123/121 555/125/123
f 110/388/380 108/387/379 553/121/119 554/123/121
f 108/387/379 106/386/378 552/119/117 553/121/119
f 106/386/378 104/385/377 551/117/115 552/119/117
f 104/385/377 102/384/376 550/115/113 551/117/115
f 102/384/376 100/383/375 549/113/111 550/115/113
f 100/383/375 98/382/374 548/111/109 549/113/111
f 98/382/374 96/381/373 547/109/107 548/111/109
f 96/381/373 94/380/372 546/107/105 547/109/107
f 94/380/372 92/379/371 545/105/103 546/107/105
f 92/379/371 90/378/370 544/103/101 545/105/103
f 90/378/370 88/377/369 543/101/99 544/103/101
f 88/377/369 86/376/368 542/99/97 543/101/99
f 86/376/368 84/375/367 541/97/95 542/99/97
f 84/375/367 82/374/366 540/95/93 541/97/95
f 82/374/366 80/373/365 539/93/91 540/95/93
f 80/373/365 78/372/364 538/91/89 539/93/91
f 78/372/364 76/371/363 537/89/87 538/91/89
f 76/371/363 74/370/362 536/87/85 537/89/87
f 74/370/362 72/369/361 535/83/81 536/87/85
f 72/369/361 70/368/360 534/84/82 535/83/81
f 67/366/358 128/398/389 533/80/78 532/79/77
f 566/305/297 563/304/296 564/671/277 565/672/276
f 563/304/296 567/307/299 568/673/291 564/671/277
f 567/307/299 569/309/301 570/674/284 568/673/291
f 569/309/301 571/311/303 572/675/285 570/674/284
f 571/311/303 573/313/305 574/676/288 572/675/285
f 573/313/305 575/315/307 576/677/290 574/676/288
f 575/315/307 577/317/309 578/678/293 576/677/290
f 577/317/309 579/319/311 580/679/262 578/678/293
f 579/319/311 581/321/313 582/680/263 580/679/262
f 581/321/313 583/323/315 584/681/265 582/680/263
f 583/323/315 585/325/317 586/682/267 584/681/265
f 585/325/317 587/327/319 588/683/269 586/682/267
f 587/327/319 589/329/321 590/684/271 588/683/269
f 589/329/321 591/331/323 592/685/273 590/684/271
f 591/331/323 593/333/325 594/686/275 592/685/273
f 593/333/325 595/335/327 596/687/279 594/686/275
f 595/335/327 597/337/329 598/688/283 596/687/279
f 597/337/329 599/339/331 600/689/287 598/688/283
f 599/339/331 601/341/333 602/690/289 600/689/287
f 601/341/333 603/343/335 604/691/292 602/690/289
f 603/343/335 605/345/337 606/692/185 604/691/292
f 605/345/337 607/347/339 608/693/186 606/692/185
f 607/347/339 609/349/341 610/694/264 608/693/186
f 609/349/341 611/351/343 612/695/266 610/694/264
f 611/351/343 613/353/345 614/696/268 612/695/266
f 613/353/345 615/355/347 616/697/270 614/696/268
f 615/355/347 617/357/349 618/698/272 616/697/270
f 617/357/349 619/359/351 620/699/274 618/698/272
f 619/359/351 621/361/353 622/700/278 620/699/274
f 621/361/353 623/363/355 624/701/282 622/700/278
f 623/363/355 625/365/357 626/702/286 624/701/282
f 625/365/357 566/305/297 565/672/276 626/702/286
f 36/85/83 34/144/140 564/285/277 568/299/291
o Cylinder.001
v 0.000000 0.810824 -0.024025
v 0.000000 0.853184 -0.018385
v 0.000000 0.892898 -0.026260
v 0.000000 0.931441 -0.039329
v 0.011232 0.932281 -0.037259
v 0.010532 0.893587 -0.024281
v 0.009290 0.853667 -0.016601
v 0.010532 0.811210 -0.021966
v 0.020754 0.934675 -0.031364
v 0.019460 0.895550 -0.018648
v 0.017166 0.855043 -0.011522
v 0.019460 0.812307 -0.016102
v 0.027117 0.938257 -0.022541
v 0.025425 0.898486 -0.010216
v 0.022428 0.857101 -0.003920
v 0.025425 0.813950 -0.007326
v 0.029351 0.942483 -0.012135
v 0.027520 0.901950 -0.000271
v 0.024276 0.859529 0.005048
v 0.027520 0.815888 0.003025
v 0.027117 0.946709 -0.001728
v 0.025425 0.905414 0.009675
v 0.022428 0.861958 0.014015
v 0.025425 0.817827 0.013377
v 0.020754 0.950291 0.007095
v 0.019460 0.908351 0.018106
v 0.017166 0.864016 0.021617
v 0.019460 0.819470 0.022153
v 0.011232 0.952685 0.012990
v 0.010532 0.910313 0.023740
v 0.009290 0.865391 0.026697
v 0.010532 0.820567 0.028017
v -0.000000 0.953525 0.015060
v -0.000000 0.911002 0.025718
v -0.000000 0.865874 0.028480
v -0.000000 0.820953 0.030076
v -0.011232 0.952685 0.012990
v -0.010532 0.910313 0.023740
v -0.009290 0.865391 0.026697
v -0.010532 0.820567 0.028017
v -0.020754 0.950291 0.007095
v -0.019460 0.908351 0.018106
v -0.017166 0.864016 0.021617
v -0.019460 0.819470 0.022153
v -0.027117 0.946709 -0.001728
v -0.025425 0.905414 0.009675
v -0.022428 0.861958 0.014015
v -0.025425 0.817827 0.013377
v -0.029351 0.942483 -0.012135
v -0.027520 0.901950 -0.000271
v -0.024276 0.859529 0.005048
v -0.027520 0.815888 0.003025
v -0.027117 0.938257 -0.022541
v -0.025425 0.898486 -0.010216
v -0.022428 0.857101 -0.003920
v -0.025425 0.813950 -0.007326
v -0.020754 0.934675 -0.031364
v -0.019460 0.895550 -0.018648
v -0.017166 0.855043 -0.011522
v -0.019460 0.812307 -0.016102
v -0.011232 0.932281 -0.037259
v -0.010532 0.893587 -0.024281
v -0.009290 0.853667 -0.016601
v -0.010532 0.811210 -0.021966
v -0.000000 0.977884 -0.036447
v 0.000000 0.967020 -0.047532
v 0.003524 0.978160 -0.035802
v 0.009019 0.967727 -0.045882
v 0.006512 0.978947 -0.033968
v 0.016664 0.969740 -0.041184
v 0.008508 0.980125 -0.031222
v 0.021769 0.972752 -0.034155
v 0.009209 0.981514 -0.027983
v 0.023558 0.976303 -0.025867
v 0.008508 0.982903 -0.024744
v 0.021761 0.979854 -0.017582
v 0.006512 0.984081 -0.021998
v 0.016653 0.982863 -0.010560
v 0.003524 0.984868 -0.020163
v 0.009012 0.984873 -0.005870
v 0.000000 0.985144 -0.019519
v -0.000000 0.985579 -0.004223
v -0.003524 0.984868 -0.020163
v -0.009012 0.984873 -0.005870
v -0.006512 0.984081 -0.021998
v -0.016653 0.982863 -0.010560
v -0.008508 0.982903 -0.024744
v -0.021761 0.979854 -0.017582
v -0.009209 0.981514 -0.027983
v -0.023558 0.976303 -0.025867
v -0.008508 0.980125 -0.031222
v -0.021769 0.972752 -0.034155
v -0.006512 0.978947 -0.033968
v -0.016664 0.969740 -0.041184
v -0.003524 0.978160 -0.035802
v -0.009019 0.967727 -0.045882
v -0.000000 0.770431 -0.020768
v 0.000000 0.773541 -0.031713
v 0.005970 0.770559 -0.019588
v 0.010532 0.773772 -0.029635
v 0.011030 0.770924 -0.016226
v 0.019460 0.774426 -0.023719
v 0.014412 0.771470 -0.011195
v 0.025425 0.775398 -0.014866
v 0.015599 0.772114 -0.005260
v 0.027520 0.776536 -0.004423
v 0.014412 0.772758 0.000675
v 0.025425 0.777667 0.006019
v 0.011030 0.773304 0.005706
v 0.019460 0.778623 0.014872
v 0.005970 0.773669 0.009068
v 0.010532 0.779262 0.020788
v -0.000000 0.773797 0.010249
v -0.000000 0.779486 0.022865
v -0.005970 0.773669 0.009068
v -0.010532 0.779262 0.020788
v -0.011030 0.773304 0.005706
v -0.019460 0.778623 0.014872
v -0.014412 0.772758 0.000675
v -0.025425 0.777667 0.006019
v -0.015599 0.772114 -0.005260
v -0.027520 0.776536 -0.004423
v -0.014412 0.771470 -0.011195
v -0.025425 0.775398 -0.014866
v -0.011030 0.770924 -0.016226
v -0.019460 0.774426 -0.023719
v -0.005970 0.770559 -0.019588
v -0.010532 0.773772 -0.029635
v -0.000000 0.974867 -0.043481
v 0.006453 0.975373 -0.042301
v 0.011924 0.976814 -0.038942
v 0.015580 0.978970 -0.033914
v 0.016863 0.981514 -0.027983
v 0.015580 0.984058 -0.022052
v 0.011924 0.986214 -0.017024
v 0.006453 0.987655 -0.013664
v -0.000000 0.988161 -0.012485
v -0.006453 0.987655 -0.013664
v -0.011924 0.986214 -0.017024
v -0.015580 0.984058 -0.022052
v -0.016863 0.981514 -0.027983
v -0.015580 0.978970 -0.033914
v -0.011924 0.976814 -0.038942
v -0.006453 0.975373 -0.042301
v 0.008817 0.769818 -0.026422
v 0.000000 0.769629 -0.028166
v 0.016292 0.770357 -0.021457
v 0.021287 0.771163 -0.014026
v 0.023041 0.772114 -0.005260
v 0.021287 0.773066 0.003506
v 0.016292 0.773872 0.010937
v 0.008817 0.774411 0.015903
v -0.000000 0.774600 0.017647
v -0.008817 0.774411 0.015903
v -0.016292 0.773872 0.010937
v -0.021287 0.773066 0.003506
v -0.023041 0.772114 -0.005260
v -0.021287 0.771163 -0.014026
v -0.016292 0.770357 -0.021457
v -0.008817 0.769818 -0.026422
vt 0.635547 0.569053
vt 0.632304 0.574755
vt 0.631079 0.573601
vt 0.633613 0.568440
vt 0.630233 0.567683
vt 0.628781 0.572297
vt 0.627683 0.571932
vt 0.628716 0.567489
vt 0.626609 0.571694
vt 0.627289 0.567383
vt 0.625551 0.571557
vt 0.625934 0.567344
vt 0.624506 0.571502
vt 0.624630 0.567351
vt 0.623469 0.571521
vt 0.623355 0.567393
vt 0.622442 0.571609
vt 0.622086 0.567461
vt 0.621403 0.571735
vt 0.620802 0.567528
vt 0.620332 0.571940
vt 0.619477 0.567623
vt 0.619227 0.572238
vt 0.618083 0.567751
vt 0.618075 0.572652
vt 0.616591 0.567925
vt 0.616856 0.573224
vt 0.614969 0.568160
vt 0.615539 0.574025
vt 0.613177 0.568478
vt 0.614079 0.575171
vt 0.611198 0.568896
vt 0.629909 0.572831
vt 0.631859 0.567992
vt 0.635171 0.540048
vt 0.636279 0.546817
vt 0.634404 0.546833
vt 0.633343 0.540777
vt 0.631834 0.541367
vt 0.632595 0.547058
vt 0.630905 0.547435
vt 0.630436 0.541882
vt 0.635973 0.554481
vt 0.634268 0.554413
vt 0.636279 0.561755
vt 0.634377 0.561634
vt 0.612771 0.547290
vt 0.612911 0.554597
vt 0.611266 0.554377
vt 0.610974 0.546881
vt 0.612694 0.561694
vt 0.610842 0.561571
vt 0.613506 0.541392
vt 0.611978 0.540396
vt 0.614416 0.547793
vt 0.614512 0.554898
vt 0.614446 0.561837
vt 0.614865 0.542103
vt 0.615970 0.548317
vt 0.616061 0.555229
vt 0.616092 0.561985
vt 0.616201 0.542674
vt 0.617473 0.548794
vt 0.617563 0.555535
vt 0.617643 0.562113
vt 0.617566 0.543142
vt 0.618953 0.549174
vt 0.619029 0.555775
vt 0.619117 0.562207
vt 0.618978 0.543501
vt 0.620427 0.549420
vt 0.620470 0.555924
vt 0.620537 0.562257
vt 0.620436 0.543735
vt 0.621898 0.549514
vt 0.621897 0.555968
vt 0.621925 0.562259
vt 0.621932 0.543836
vt 0.623368 0.549433
vt 0.623321 0.555922
vt 0.623303 0.562210
vt 0.623432 0.543757
vt 0.624835 0.549203
vt 0.624757 0.555776
vt 0.624693 0.562119
vt 0.624902 0.543549
vt 0.626304 0.548844
vt 0.626217 0.555543
vt 0.626118 0.561995
vt 0.626332 0.543229
vt 0.627788 0.548392
vt 0.627715 0.555250
vt 0.627600 0.561854
vt 0.627720 0.542825
vt 0.629312 0.547901
vt 0.629267 0.554939
vt 0.629159 0.561719
vt 0.629079 0.542368
vt 0.630884 0.554662
vt 0.630810 0.561620
vt 0.632559 0.554474
vt 0.632553 0.561586
vt 0.612682 0.595234
vt 0.611837 0.594885
vt 0.611191 0.594238
vt 0.610842 0.593394
vt 0.610842 0.592480
vt 0.611191 0.591636
vt 0.611837 0.590990
vt 0.612682 0.590640
vt 0.613595 0.590640
vt 0.614440 0.590990
vt 0.615086 0.591636
vt 0.615435 0.592480
vt 0.615435 0.593394
vt 0.615086 0.594238
vt 0.614440 0.594885
vt 0.613595 0.595234
vt 0.630022 0.574726
vt 0.629168 0.573980
vt 0.628263 0.573455
vt 0.627332 0.573089
vt 0.626388 0.572846
vt 0.625438 0.572700
vt 0.624484 0.572637
vt 0.623529 0.572644
vt 0.622568 0.572710
vt 0.621604 0.572875
vt 0.620634 0.573108
vt 0.619653 0.573433
vt 0.618663 0.573878
vt 0.617668 0.574484
vt 0.616683 0.575322
vt 0.615748 0.576534
vt 0.630759 0.575757
vt 0.610842 0.610209
vt 0.610842 0.609669
vt 0.611048 0.609171
vt 0.611429 0.608789
vt 0.611928 0.608583
vt 0.612467 0.608583
vt 0.612966 0.608789
vt 0.613347 0.609171
vt 0.613554 0.609669
vt 0.613554 0.610209
vt 0.613347 0.610707
vt 0.612966 0.611089
vt 0.612467 0.611295
vt 0.611928 0.611295
vt 0.611429 0.611089
vt 0.611048 0.610707
vt 0.631616 0.540573
vt 0.632977 0.539982
vt 0.630296 0.541066
vt 0.628982 0.541504
vt 0.627646 0.541898
vt 0.626272 0.542239
vt 0.624857 0.542505
vt 0.623407 0.542673
vt 0.621939 0.542718
vt 0.620476 0.542658
vt 0.619043 0.542470
vt 0.617659 0.542169
vt 0.616333 0.541765
vt 0.615063 0.541248
vt 0.613831 0.540572
vt 0.612610 0.539586
vt 0.634508 0.539115
vt 0.628828 0.575663
vt 0.628249 0.575147
vt 0.627565 0.574764
vt 0.626814 0.574491
vt 0.626021 0.574311
vt 0.625202 0.574207
vt 0.624368 0.574170
vt 0.623528 0.574194
vt 0.622689 0.574280
vt 0.621853 0.574436
vt 0.621026 0.574662
vt 0.620216 0.574966
vt 0.619438 0.575360
vt 0.618716 0.575864
vt 0.618089 0.576501
vt 0.617622 0.577292
vt 0.629226 0.576318
vt 0.631095 0.539235
vt 0.632266 0.538662
vt 0.629873 0.539709
vt 0.628620 0.540125
vt 0.627340 0.540493
vt 0.626035 0.540806
vt 0.624706 0.541047
vt 0.623359 0.541199
vt 0.622002 0.541252
vt 0.620650 0.541209
vt 0.619326 0.541065
vt 0.618042 0.540825
vt 0.616813 0.540495
vt 0.615657 0.540069
vt 0.614607 0.539510
vt 0.613744 0.538736
vt 0.633357 0.537893
vn -0.3828 -0.2491 -0.8896
vn -0.3351 0.1294 -0.9333
vn 0.0000 0.1042 -0.9945
vn 0.0000 -0.2739 -0.9617
vn 0.7071 -0.1783 -0.6843
vn 0.6199 0.2012 -0.7584
vn 0.8114 0.3092 -0.4960
vn 0.9232 -0.0721 -0.3774
vn 0.8802 0.4370 -0.1851
vn 0.9984 0.0535 -0.0161
vn 0.8150 0.5654 0.1270
vn 0.9215 0.1795 0.3442
vn 0.6249 0.6747 0.3928
vn 0.7047 0.2865 0.6490
vn 0.3386 0.7480 0.5708
vn 0.3811 0.3582 0.8523
vn 0.0000 0.7737 0.6335
vn 0.0000 0.3833 0.9236
vn -0.3386 0.7480 0.5708
vn -0.3811 0.3582 0.8523
vn -0.6249 0.6747 0.3928
vn -0.7047 0.2865 0.6490
vn -0.8150 0.5654 0.1270
vn -0.9215 0.1795 0.3442
vn -0.8802 0.4370 -0.1851
vn -0.9984 0.0535 -0.0161
vn -0.8114 0.3092 -0.4960
vn -0.9232 -0.0721 -0.3774
vn -0.6199 0.2012 -0.7584
vn -0.7071 -0.1783 -0.6843
vn 0.3351 0.1294 -0.9333
vn 0.3828 -0.2491 -0.8896
vn -0.3723 -0.2653 -0.8894
vn -0.3663 0.1573 -0.9171
vn 0.0000 0.1679 -0.9858
vn 0.0000 -0.2558 -0.9667
vn 0.3723 -0.2653 -0.8894
vn 0.3663 0.1573 -0.9171
vn 0.6890 0.1272 -0.7135
vn 0.6829 -0.2917 -0.6697
vn -0.3795 -0.0262 -0.9248
vn 0.0000 -0.0273 -0.9996
vn -0.3860 -0.2430 -0.8899
vn 0.0000 -0.2579 -0.9662
vn -0.6890 0.1272 -0.7135
vn -0.7055 -0.0221 -0.7083
vn -0.7122 -0.2000 -0.6728
vn -0.6829 -0.2917 -0.6697
vn -0.9162 0.0829 -0.3920
vn -0.9257 -0.0139 -0.3780
vn -0.9273 -0.1346 -0.3493
vn -0.8791 -0.3292 -0.3447
vn -0.9994 0.0340 0.0011
vn -0.9999 -0.0010 0.0141
vn -0.9980 -0.0559 0.0288
vn -0.9285 -0.3703 0.0273
vn -0.9188 -0.0094 0.3945
vn -0.9159 0.0154 0.4011
vn -0.9156 0.0240 0.4014
vn -0.8307 -0.4073 0.3795
vn -0.6945 -0.0411 0.7183
vn -0.6930 0.0318 0.7203
vn -0.6960 0.0924 0.7120
vn -0.6153 -0.4349 0.6575
vn -0.3714 -0.0595 0.9265
vn -0.3715 0.0439 0.9274
vn -0.3749 0.1383 0.9167
vn -0.3249 -0.4513 0.8311
vn 0.0000 -0.0655 0.9978
vn 0.0000 0.0483 0.9988
vn 0.0000 0.1545 0.9880
vn 0.0000 -0.4566 0.8896
vn 0.3714 -0.0595 0.9265
vn 0.3715 0.0439 0.9274
vn 0.3748 0.1383 0.9167
vn 0.3249 -0.4513 0.8311
vn 0.6945 -0.0411 0.7183
vn 0.6930 0.0318 0.7203
vn 0.6960 0.0924 0.7120
vn 0.6153 -0.4349 0.6575
vn 0.9188 -0.0094 0.3945
vn 0.9159 0.0154 0.4011
vn 0.9156 0.0240 0.4014
vn 0.8307 -0.4073 0.3795
vn 0.9994 0.0340 0.0011
vn 0.9999 -0.0010 0.0141
vn 0.9980 -0.0559 0.0288
vn 0.9285 -0.3703 0.0273
vn 0.9162 0.0829 -0.3920
vn 0.9257 -0.0139 -0.3780
vn 0.9273 -0.1346 -0.3493
vn 0.8791 -0.3292 -0.3447
vn 0.7055 -0.0221 -0.7083
vn 0.7122 -0.2000 -0.6728
vn 0.3795 -0.0262 -0.9248
vn 0.3860 -0.2430 -0.8899
vn 0.0000 -0.9941 0.1079
vn 0.0000 0.7048 -0.7093
vn 0.1436 0.7158 -0.6833
vn 0.2659 0.7473 -0.6089
vn 0.3486 0.7946 -0.4970
vn 0.3789 0.8509 -0.3640
vn 0.3514 0.9076 -0.2299
vn 0.2698 0.9560 -0.1154
vn 0.1463 0.9885 -0.0385
vn 0.0000 0.9999 -0.0114
vn -0.1463 0.9885 -0.0385
vn -0.2698 0.9560 -0.1154
vn -0.3514 0.9076 -0.2299
vn -0.3789 0.8509 -0.3640
vn -0.3486 0.7946 -0.4970
vn -0.2659 0.7473 -0.6089
vn -0.1436 0.7158 -0.6833
vn 0.0000 0.9190 -0.3942
vn 0.0000 0.9190 -0.3941
vn 0.1812 -0.9158 -0.3584
vn 0.0000 -0.9164 -0.4002
vn 0.3248 -0.9138 -0.2438
vn 0.4049 -0.9105 -0.0842
vn 0.4144 -0.9060 0.0860
vn 0.3622 -0.9012 0.2380
vn 0.2647 -0.8969 0.3542
vn 0.1391 -0.8939 0.4260
vn 0.0000 -0.8929 0.4502
vn -0.1391 -0.8939 0.4260
vn -0.2647 -0.8969 0.3542
vn -0.3622 -0.9012 0.2380
vn -0.4144 -0.9060 0.0860
vn -0.4049 -0.9105 -0.0842
vn -0.3248 -0.9138 -0.2438
vn -0.1812 -0.9158 -0.3584
usemtl Material
s 1
f 687/703/579 722/704/580 692/705/581 630/706/582
f 635/707/583 696/708/584 698/709/585 639/710/586
f 639/710/586 698/709/585 700/711/587 643/712/588
f 643/712/588 700/711/587 702/713/589 647/714/590
f 647/714/590 702/713/589 704/715/591 651/716/592
f 651/716/592 704/715/591 706/717/593 655/718/594
f 655/718/594 706/717/593 708/719/595 659/720/596
f 659/720/596 708/719/595 710/721/597 663/722/598
f 663/722/598 710/721/597 712/723/599 667/724/600
f 667/724/600 712/723/599 714/725/601 671/726/602
f 671/726/602 714/725/601 716/727/603 675/728/604
f 675/728/604 716/727/603 718/729/605 679/730/606
f 679/730/606 718/729/605 720/731/607 683/732/608
f 683/732/608 720/731/607 722/733/580 687/734/579
f 630/706/582 692/705/581 694/735/609 631/736/610
f 631/736/610 694/735/609 696/708/584 635/707/583
f 754/737/611 690/738/612 627/739/613 724/740/614
f 726/741/615 634/742/616 638/743/617 728/744/618
f 690/738/612 689/745/619 628/746/620 627/739/613
f 689/745/619 688/747/621 629/748/622 628/746/620
f 688/747/621 687/703/579 630/706/582 629/748/622
f 686/749/623 685/750/624 689/751/619 690/752/612
f 685/750/624 684/753/625 688/754/621 689/751/619
f 684/753/625 683/732/608 687/734/579 688/754/621
f 752/755/626 686/749/623 690/752/612 754/756/611
f 682/757/627 681/758/628 685/750/624 686/749/623
f 681/758/628 680/759/629 684/753/625 685/750/624
f 680/759/629 679/730/606 683/732/608 684/753/625
f 750/760/630 682/757/627 686/749/623 752/755/626
f 678/761/631 677/762/632 681/758/628 682/757/627
f 677/762/632 676/763/633 680/759/629 681/758/628
f 676/763/633 675/728/604 679/730/606 680/759/629
f 748/764/634 678/761/631 682/757/627 750/760/630
f 674/765/635 673/766/636 677/762/632 678/761/631
f 673/766/636 672/767/637 676/763/633 677/762/632
f 672/767/637 671/726/602 675/728/604 676/763/633
f 746/768/638 674/765/635 678/761/631 748/764/634
f 670/769/639 669/770/640 673/766/636 674/765/635
f 669/770/640 668/771/641 672/767/637 673/766/636
f 668/771/641 667/724/600 671/726/602 672/767/637
f 744/772/642 670/769/639 674/765/635 746/768/638
f 666/773/643 665/774/644 669/770/640 670/769/639
f 665/774/644 664/775/645 668/771/641 669/770/640
f 664/775/645 663/722/598 667/724/600 668/771/641
f 742/776/646 666/773/643 670/769/639 744/772/642
f 662/777/647 661/778/648 665/774/644 666/773/643
f 661/778/648 660/779/649 664/775/645 665/774/644
f 660/779/649 659/720/596 663/722/598 664/775/645
f 740/780/650 662/777/647 666/773/643 742/776/646
f 658/781/651 657/782/652 661/778/648 662/777/647
f 657/782/652 656/783/653 660/779/649 661/778/648
f 656/783/653 655/718/594 659/720/596 660/779/649
f 738/784/654 658/781/651 662/777/647 740/780/650
f 654/785/655 653/786/656 657/782/652 658/781/651
f 653/786/656 652/787/657 656/783/653 657/782/652
f 652/787/657 651/716/592 655/718/594 656/783/653
f 736/788/658 654/785/655 658/781/651 738/784/654
f 650/789/659 649/790/660 653/786/656 654/785/655
f 649/790/660 648/791/661 652/787/657 653/786/656
f 648/791/661 647/714/590 651/716/592 652/787/657
f 734/792/662 650/789/659 654/785/655 736/788/658
f 646/793/663 645/794/664 649/790/660 650/789/659
f 645/794/664 644/795/665 648/791/661 649/790/660
f 644/795/665 643/712/588 647/714/590 648/791/661
f 732/796/666 646/793/663 650/789/659 734/792/662
f 642/797/667 641/798/668 645/794/664 646/793/663
f 641/798/668 640/799/669 644/795/665 645/794/664
f 640/799/669 639/710/586 643/712/588 644/795/665
f 730/800/670 642/797/667 646/793/663 732/796/666
f 638/743/617 637/801/671 641/798/668 642/797/667
f 637/801/671 636/802/672 640/799/669 641/798/668
f 636/802/672 635/707/583 639/710/586 640/799/669
f 728/744/618 638/743/617 642/797/667 730/800/670
f 634/742/616 633/803/673 637/801/671 638/743/617
f 633/803/673 632/804/674 636/802/672 637/801/671
f 632/804/674 631/736/610 635/707/583 636/802/672
f 723/805/675 725/806/675 727/807/675 729/808/675 731/809/675 733/810/675 735/811/675 737/812/675 739/813/675 741/814/675 743/815/675 745/816/675 747/817/675 749/818/675 751/819/675 753/820/675
f 627/739/613 628/746/620 633/803/673 634/742/616
f 628/746/620 629/748/622 632/804/674 633/803/673
f 629/748/622 630/706/582 631/736/610 632/804/674
f 694/735/609 692/705/581 755/821/676 756/822/677
f 696/708/584 694/735/609 756/822/677 757/823/678
f 698/709/585 696/708/584 757/823/678 758/824/679
f 700/711/587 698/709/585 758/824/679 759/825/680
f 702/713/589 700/711/587 759/825/680 760/826/681
f 704/715/591 702/713/589 760/826/681 761/827/682
f 706/717/593 704/715/591 761/827/682 762/828/683
f 708/719/595 706/717/593 762/828/683 763/829/684
f 710/721/597 708/719/595 763/829/684 764/830/685
f 712/723/599 710/721/597 764/830/685 765/831/686
f 714/725/601 712/723/599 765/831/686 766/832/687
f 716/727/603 714/725/601 766/832/687 767/833/688
f 718/729/605 716/727/603 767/833/688 768/834/689
f 720/731/607 718/729/605 768/834/689 769/835/690
f 722/733/580 720/731/607 769/835/690 770/836/691
f 692/705/581 722/704/580 770/837/691 755/821/676
f 693/838/692 691/839/692 721/840/692 719/841/692 717/842/693 715/843/693 713/844/693 711/845/693 709/846/693 707/847/693 705/848/693 703/849/693 701/850/693 699/851/693 697/852/693 695/853/693
f 724/740/614 726/741/615 771/854/694 772/855/695
f 726/741/615 728/744/618 773/856/696 771/854/694
f 728/744/618 730/800/670 774/857/697 773/856/696
f 730/800/670 732/796/666 775/858/698 774/857/697
f 732/796/666 734/792/662 776/859/699 775/858/698
f 734/792/662 736/788/658 777/860/700 776/859/699
f 736/788/658 738/784/654 778/861/701 777/860/700
f 738/784/654 740/780/650 779/862/702 778/861/701
f 740/780/650 742/776/646 780/863/703 779/862/702
f 742/776/646 744/772/642 781/864/704 780/863/703
f 744/772/642 746/768/638 782/865/705 781/864/704
f 746/768/638 748/764/634 783/866/706 782/865/705
f 748/764/634 750/760/630 784/867/707 783/866/706
f 750/760/630 752/755/626 785/868/708 784/867/707
f 752/755/626 754/756/611 786/869/709 785/868/708
f 754/737/611 724/740/614 772/855/695 786/870/709
f 724/740/614 627/739/613 634/742/616 726/741/615
f 691/871/692 693/872/692 756/822/677 755/821/676
f 693/872/692 695/873/693 757/823/678 756/822/677
f 695/873/693 697/874/693 758/824/679 757/823/678
f 697/874/693 699/875/693 759/825/680 758/824/679
f 699/875/693 701/876/693 760/826/681 759/825/680
f 701/876/693 703/877/693 761/827/682 760/826/681
f 703/877/693 705/878/693 762/828/683 761/827/682
f 705/878/693 707/879/693 763/829/684 762/828/683
f 707/879/693 709/880/693 764/830/685 763/829/684
f 709/880/693 711/881/693 765/831/686 764/830/685
f 711/881/693 713/882/693 766/832/687 765/831/686
f 713/882/693 715/883/693 767/833/688 766/832/687
f 715/883/693 717/884/693 768/834/689 767/833/688
f 717/884/693 719/885/692 769/835/690 768/834/689
f 719/885/692 721/886/692 770/836/691 769/835/690
f 721/887/692 691/871/692 755/821/676 770/837/691
f 725/888/675 723/889/675 772/855/695 771/854/694
f 727/890/675 725/888/675 771/854/694 773/856/696
f 729/891/675 727/890/675 773/856/696 774/857/697
f 731/892/675 729/891/675 774/857/697 775/858/698
f 733/893/675 731/892/675 775/858/698 776/859/699
f 735/894/675 733/893/675 776/859/699 777/860/700
f 737/895/675 735/894/675 777/860/700 778/861/701
f 739/896/675 737/895/675 778/861/701 779/862/702
f 741/897/675 739/896/675 779/862/702 780/863/703
f 743/898/675 741/897/675 780/863/703 781/864/704
f 745/899/675 743/898/675 781/864/704 782/865/705
f 747/900/675 745/899/675 782/865/705 783/866/706
f 749/901/675 747/900/675 783/866/706 784/867/707
f 751/902/675 749/901/675 784/867/707 785/868/708
f 753/903/675 751/902/675 785/868/708 786/869/709
f 723/889/675 753/904/675 786/870/709 772/855/695
o Sphere
v 0.000000 1.345211 -0.018273
v 0.000000 1.329278 -0.035845
v 0.000000 1.303403 -0.052038
v 0.000000 1.266705 -0.066232
v -0.000000 1.216328 -0.078494
v -0.000000 1.162057 -0.090149
v -0.000000 1.104786 -0.107560
v -0.000000 0.896503 -0.112247
v -0.000000 0.859186 -0.088768
v -0.000000 0.830106 -0.065282
v 0.003565 1.345211 -0.017922
v 0.006993 1.329278 -0.035156
v 0.010152 1.303403 -0.051038
v 0.012921 1.266705 -0.064959
v 0.015313 1.216328 -0.076986
v 0.017581 1.162057 -0.088418
v 0.019664 1.104786 -0.105624
v 0.021277 1.045035 -0.125650
v 0.022005 0.987643 -0.135261
v 0.021488 0.938983 -0.128216
v 0.019584 0.896503 -0.110318
v 0.016483 0.859186 -0.087145
v 0.012656 0.830106 -0.064035
v 0.008492 0.810161 -0.042692
v 0.004229 0.799121 -0.021262
v 0.006993 1.345211 -0.016882
v 0.013717 1.329278 -0.033116
v 0.019914 1.303403 -0.048077
v 0.025346 1.266705 -0.061190
v 0.030038 1.216328 -0.072519
v 0.034487 1.162057 -0.083271
v 0.038573 1.104786 -0.099476
v 0.041735 1.045035 -0.118566
v 0.043165 0.987643 -0.127603
v 0.042150 0.938983 -0.120999
v 0.038415 0.896503 -0.104024
v 0.032333 0.859186 -0.082071
v 0.024826 0.830106 -0.060286
v 0.016658 0.810161 -0.040215
v 0.008296 0.799121 -0.020029
v 0.010152 1.345211 -0.015194
v 0.019914 1.329278 -0.029804
v 0.028911 1.303403 -0.043268
v 0.036797 1.266705 -0.055070
v 0.043609 1.216328 -0.065265
v 0.050067 1.162057 -0.074931
v 0.055999 1.104786 -0.089028
v 0.060590 1.045035 -0.106078
v 0.062666 0.987643 -0.113994
v 0.061193 0.938983 -0.108232
v 0.055770 0.896503 -0.093133
v 0.046940 0.859186 -0.073531
v 0.036042 0.830106 -0.054147
v 0.024183 0.810161 -0.036193
v 0.012044 0.799121 -0.018025
v 0.012921 1.345211 -0.012921
v 0.025346 1.329278 -0.025346
v 0.036797 1.303403 -0.036797
v 0.046833 1.266705 -0.046833
v 0.055503 1.216328 -0.055503
v 0.063723 1.162057 -0.063723
v 0.071273 1.104786 -0.074916
v 0.077117 1.045035 -0.089118
v 0.079759 0.987643 -0.095646
v 0.077884 0.938983 -0.090904
v 0.070982 0.896503 -0.078348
v 0.059744 0.859186 -0.062004
v 0.045873 0.830106 -0.045926
v 0.030780 0.810161 -0.030780
v 0.015329 0.799121 -0.015329
v 0.015194 1.345211 -0.010152
v 0.029804 1.329278 -0.019914
v 0.043268 1.303403 -0.028911
v 0.055070 1.266705 -0.036797
v 0.065265 1.216328 -0.043609
v 0.074931 1.162057 -0.050067
v 0.083808 1.104786 -0.058000
v 0.090680 1.045035 -0.068854
v 0.093786 0.987643 -0.073871
v 0.091582 0.938983 -0.070228
v 0.083466 0.896503 -0.060605
v 0.070251 0.859186 -0.048144
v 0.053940 0.830106 -0.036042
v 0.036193 0.810161 -0.024183
v 0.018025 0.799121 -0.012044
v 0.016882 1.345211 -0.006993
v 0.033116 1.329278 -0.013717
v 0.048077 1.303403 -0.019914
v 0.061190 1.266705 -0.025346
v 0.072519 1.216328 -0.030038
v 0.083258 1.162057 -0.034487
v 0.093123 1.104786 -0.039260
v 0.100758 1.045035 -0.046527
v 0.104210 0.987643 -0.050005
v 0.101760 0.938983 -0.047476
v 0.092742 0.896503 -0.040949
v 0.078059 0.859186 -0.032708
v 0.059935 0.830106 -0.024826
v 0.040215 0.810161 -0.016658
v 0.020029 0.799121 -0.008296
v 0.017922 1.345211 -0.003565
v 0.035156 1.329278 -0.006993
v 0.051038 1.303403 -0.010152
v 0.064959 1.266705 -0.012921
v 0.076986 1.216328 -0.015313
v 0.088387 1.162057 -0.017581
v 0.098859 1.104786 -0.019696
v 0.106964 1.045035 -0.023350
v 0.110628 0.987643 -0.025326
v 0.108028 0.938983 -0.023879
v 0.098454 0.896503 -0.020434
v 0.082867 0.859186 -0.016488
v 0.063627 0.830106 -0.012656
v 0.042692 0.810161 -0.008492
v 0.021262 0.799121 -0.004229
v 0.018273 1.345211 0.000000
v 0.035845 1.329278 0.000000
v 0.052038 1.303403 0.000000
v 0.066232 1.266705 0.000000
v 0.078494 1.216328 0.000000
v 0.090118 1.162057 0.000000
v 0.100795 1.104786 0.000000
v 0.109060 1.045035 -0.000433
v 0.112796 0.987643 -0.000998
v 0.110144 0.938983 -0.000567
v 0.100383 0.896503 -0.000047
v 0.084491 0.859186 0.000000
v 0.064874 0.830106 0.000000
v 0.043529 0.810161 0.000000
v 0.021679 0.799121 0.000000
v 0.017922 1.345211 0.003565
v 0.035156 1.329278 0.006993
v 0.051038 1.303403 0.010152
v 0.064959 1.266705 0.012921
v 0.076986 1.216328 0.015313
v 0.088387 1.162057 0.017581
v 0.098859 1.104786 0.019664
v 0.106964 1.045035 0.021277
v 0.110628 0.987643 0.021975
v 0.108028 0.938983 0.021488
v 0.098454 0.896503 0.019584
v 0.082867 0.859186 0.016483
v 0.063627 0.830106 0.012656
v 0.042692 0.810161 0.008492
v 0.021262 0.799121 0.004229
v 0.016882 1.345211 0.006993
v 0.033116 1.329278 0.013717
v 0.048077 1.303403 0.019914
v 0.061190 1.266705 0.025346
v 0.072519 1.216328 0.030038
v 0.083258 1.162057 0.034487
v 0.093123 1.104786 0.038573
v 0.100758 1.045035 0.041735
v 0.104210 0.987643 0.043165
v 0.101760 0.938983 0.042150
v 0.092742 0.896503 0.038415
v 0.078059 0.859186 0.032333
v 0.059935 0.830106 0.024826
v 0.040215 0.810161 0.016658
v 0.020029 0.799121 0.008296
v 0.015194 1.345211 0.010152
v 0.029804 1.329278 0.019914
v 0.043268 1.303403 0.028911
v 0.055070 1.266705 0.036797
v 0.065265 1.216328 0.043609
v 0.074931 1.162057 0.050067
v 0.083808 1.104786 0.055999
v 0.090680 1.045035 0.060590
v 0.093786 0.987643 0.062666
v 0.091582 0.938983 0.061193
v 0.083466 0.896503 0.055770
v 0.070251 0.859186 0.046940
v 0.053940 0.830106 0.036042
v 0.036193 0.810161 0.024183
v 0.018025 0.799121 0.012044
v 0.012921 1.345211 0.012921
v 0.025346 1.329278 0.025346
v 0.036797 1.303403 0.036797
v 0.046833 1.266705 0.046833
v 0.055503 1.216328 0.055503
v 0.063723 1.162057 0.063723
v 0.071273 1.104786 0.071273
v 0.077117 1.045035 0.077117
v 0.079759 0.987643 0.079759
v 0.077884 0.938983 0.077884
v 0.070982 0.896503 0.070982
v 0.059744 0.859186 0.059744
v 0.045873 0.830106 0.045873
v 0.030780 0.810161 0.030780
v 0.015329 0.799121 0.015329
v 0.010152 1.345211 0.015194
v 0.019914 1.329278 0.029804
v 0.028911 1.303403 0.043268
v 0.036797 1.266705 0.055070
v 0.043609 1.216328 0.065265
v 0.050067 1.162057 0.074931
v 0.055999 1.104786 0.083808
v 0.060590 1.045035 0.090680
v 0.062666 0.987643 0.093786
v 0.061193 0.938983 0.091582
v 0.055770 0.896503 0.083466
v 0.046940 0.859186 0.070251
v 0.036042 0.830106 0.053940
v 0.024183 0.810161 0.036193
v 0.012044 0.799121 0.018025
v 0.006993 1.345211 0.016882
v 0.013717 1.329278 0.033116
v 0.019914 1.303403 0.048077
v 0.025346 1.266705 0.061190
v 0.030038 1.216328 0.072519
v 0.034487 1.162057 0.083258
v 0.038573 1.104786 0.093123
v 0.041735 1.045035 0.100758
v 0.043165 0.987643 0.104210
v 0.042150 0.938983 0.101760
v 0.038415 0.896503 0.092742
v 0.032333 0.859186 0.078059
v 0.024826 0.830106 0.059935
v 0.016658 0.810161 0.040215
v 0.008296 0.799121 0.020029
v 0.003565 1.345211 0.017922
v 0.006993 1.329278 0.035156
v 0.010152 1.303403 0.051038
v 0.012921 1.266705 0.064959
v 0.015313 1.216328 0.076986
v 0.017581 1.162057 0.088387
v 0.019664 1.104786 0.098859
v 0.021276 1.045035 0.106964
v 0.022005 0.987643 0.110628
v 0.021488 0.938983 0.108028
v 0.019584 0.896503 0.098454
v 0.016483 0.859186 0.082867
v 0.012656 0.830106 0.063627
v 0.008492 0.810161 0.042692
v 0.004229 0.799121 0.021262
v 0.000000 1.345211 0.018273
v -0.000000 1.329278 0.035845
v -0.000000 1.303403 0.052038
v 0.000000 1.266705 0.066232
v -0.000000 1.216328 0.078494
v 0.000000 1.162057 0.090118
v -0.000000 1.104786 0.100795
v -0.000000 1.045035 0.109060
v -0.000000 0.987643 0.112796
v -0.000000 0.938983 0.110144
v -0.000000 0.896503 0.100383
v 0.000000 0.859186 0.084491
v -0.000000 0.830106 0.064874
v -0.000000 0.810161 0.043529
v -0.000000 0.799121 0.021679
v -0.003565 1.345211 0.017922
v -0.006993 1.329278 0.035156
v -0.010152 1.303403 0.051038
v -0.012921 1.266705 0.064959
v -0.015313 1.216328 0.076986
v -0.017581 1.162057 0.088387
v -0.019664 1.104786 0.098859
v -0.021277 1.045035 0.106964
v -0.022005 0.987643 0.110628
v -0.021488 0.938983 0.108028
v -0.019584 0.896503 0.098454
v -0.016483 0.859186 0.082867
v -0.012656 0.830106 0.063627
v -0.008492 0.810161 0.042692
v -0.004229 0.799121 0.021262
v -0.006993 1.345211 0.016882
v -0.013717 1.329278 0.033116
v -0.019914 1.303403 0.048077
v -0.025346 1.266705 0.061190
v -0.030038 1.216328 0.072519
v -0.034487 1.162057 0.083258
v -0.038573 1.104786 0.093123
v -0.041735 1.045035 0.100758
v -0.043165 0.987643 0.104210
v -0.042150 0.938983 0.101760
v -0.038415 0.896503 0.092742
v -0.032333 0.859186 0.078059
v -0.024826 0.830106 0.059935
v -0.016658 0.810161 0.040215
v -0.008296 0.799121 0.020029
v -0.010152 1.345211 0.015194
v -0.019914 1.329278 0.029804
v -0.028911 1.303403 0.043268
v -0.036797 1.266705 0.055070
v -0.043609 1.216328 0.065265
v -0.050067 1.162057 0.074931
v -0.055999 1.104786 0.083808
v -0.060590 1.045035 0.090680
v -0.062666 0.987643 0.093786
v -0.061193 0.938983 0.091582
v -0.055770 0.896503 0.083466
v -0.046940 0.859186 0.070251
v -0.036042 0.830106 0.053940
v -0.024183 0.810161 0.036193
v -0.012044 0.799121 0.018025
v -0.012921 1.345211 0.012921
v -0.025346 1.329278 0.025346
v -0.036797 1.303403 0.036797
v -0.046833 1.266705 0.046833
v -0.055503 1.216328 0.055503
v -0.063723 1.162057 0.063723
v -0.071273 1.104786 0.071273
v -0.077117 1.045035 0.077117
v -0.079759 0.987643 0.079759
v -0.077884 0.938983 0.077884
v -0.070982 0.896503 0.070982
v -0.059744 0.859186 0.059744
v -0.045873 0.830106 0.045873
v -0.030780 0.810161 0.030780
v -0.015329 0.799121 0.015329
v -0.015194 1.345211 0.010152
v -0.029804 1.329278 0.019914
v -0.043268 1.303403 0.028911
v -0.055070 1.266705 0.036797
v -0.065265 1.216328 0.043609
v -0.074931 1.162057 0.050067
v -0.083808 1.104786 0.055999
v -0.090680 1.045035 0.060590
v -0.093786 0.987643 0.062666
v -0.091582 0.938983 0.061193
v -0.083466 0.896503 0.055770
v -0.070251 0.859186 0.046940
v -0.053940 0.830106 0.036042
v -0.036193 0.810161 0.024183
v -0.018025 0.799121 0.012044
v -0.000000 1.350591 0.000000
v -0.016882 1.345211 0.006993
v -0.033116 1.329278 0.013717
v -0.048077 1.303403 0.019914
v -0.061190 1.266705 0.025346
v -0.072519 1.216328 0.030038
v -0.083258 1.162057 0.034487
v -0.093123 1.104786 0.038573
v -0.100758 1.045035 0.041735
v -0.104210 0.987643 0.043165
v -0.101760 0.938983 0.042150
v -0.092742 0.896503 0.038415
v -0.078059 0.859186 0.032333
v -0.059935 0.830106 0.024826
v -0.040215 0.810161 0.016658
v -0.020029 0.799121 0.008296
v -0.017922 1.345211 0.003565
v -0.035156 1.329278 0.006993
v -0.051038 1.303403 0.010152
v -0.064959 1.266705 0.012921
v -0.076986 1.216328 0.015313
v -0.088387 1.162057 0.017581
v -0.098859 1.104786 0.019664
v -0.106964 1.045035 0.021276
v -0.110628 0.987643 0.021975
v -0.108028 0.938983 0.021488
v -0.098454 0.896503 0.019584
v -0.082867 0.859186 0.016483
v -0.063627 0.830106 0.012656
v -0.042692 0.810161 0.008492
v -0.021262 0.799121 0.004229
v -0.018273 1.345211 0.000000
v -0.035845 1.329278 0.000000
v -0.052038 1.303403 -0.000000
v -0.066232 1.266705 0.000000
v -0.078494 1.216328 0.000000
v -0.090118 1.162057 0.000000
v -0.100795 1.104786 -0.000000
v -0.109060 1.045035 -0.000433
v -0.112796 0.987643 -0.000998
v -0.110144 0.938983 -0.000567
v -0.100383 0.896503 -0.000047
v -0.084491 0.859186 0.000000
v -0.064874 0.830106 -0.000000
v -0.043529 0.810161 0.000000
v -0.021679 0.799121 0.000000
v -0.017922 1.345211 -0.003565
v -0.035156 1.329278 -0.006993
v -0.051038 1.303403 -0.010152
v -0.064959 1.266705 -0.012921
v -0.076986 1.216328 -0.015313
v -0.088387 1.162057 -0.017581
v -0.098859 1.104786 -0.019696
v -0.106964 1.045035 -0.023350
v -0.110628 0.987643 -0.025326
v -0.108028 0.938983 -0.023879
v -0.098454 0.896503 -0.020434
v -0.082867 0.859186 -0.016488
v -0.063627 0.830106 -0.012656
v -0.042692 0.810161 -0.008492
v -0.021262 0.799121 -0.004229
v -0.016882 1.345211 -0.006993
v -0.033116 1.329278 -0.013717
v -0.048077 1.303403 -0.019914
v -0.061190 1.266705 -0.025346
v -0.072519 1.216328 -0.030038
v -0.083258 1.162057 -0.034487
v -0.093123 1.104786 -0.039260
v -0.100758 1.045035 -0.046527
v -0.104210 0.987643 -0.050005
v -0.101760 0.938983 -0.047476
v -0.092742 0.896503 -0.040949
v -0.078059 0.859186 -0.032708
v -0.059935 0.830106 -0.024826
v -0.040215 0.810161 -0.016658
v -0.020029 0.799121 -0.008296
v -0.015194 1.345211 -0.010152
v -0.029804 1.329278 -0.019914
v -0.043268 1.303403 -0.028911
v -0.055070 1.266705 -0.036797
v -0.065265 1.216328 -0.043609
v -0.074931 1.162057 -0.050067
v -0.083808 1.104786 -0.058000
v -0.090680 1.045035 -0.068854
v -0.093786 0.987643 -0.073871
v -0.091582 0.938983 -0.070228
v -0.083466 0.896503 -0.060605
v -0.070251 0.859186 -0.048144
v -0.053940 0.830106 -0.036042
v -0.036193 0.810161 -0.024183
v -0.018025 0.799121 -0.012044
v -0.012921 1.345211 -0.012921
v -0.025346 1.329278 -0.025346
v -0.036797 1.303403 -0.036797
v -0.046833 1.266705 -0.046833
v -0.055503 1.216328 -0.055503
v -0.063723 1.162057 -0.063723
v -0.071273 1.104786 -0.074916
v -0.077117 1.045035 -0.089118
v -0.079759 0.987643 -0.095646
v -0.077884 0.938983 -0.090904
v -0.070982 0.896503 -0.078348
v -0.059744 0.859186 -0.062004
v -0.045873 0.830106 -0.045926
v -0.030780 0.810161 -0.030780
v -0.015329 0.799121 -0.015329
v -0.010152 1.345211 -0.015194
v -0.019914 1.329278 -0.029804
v -0.028911 1.303403 -0.043268
v -0.036797 1.266705 -0.055070
v -0.043609 1.216328 -0.065265
v -0.050067 1.162057 -0.074931
v -0.055999 1.104786 -0.089028
v -0.060590 1.045035 -0.106078
v -0.062666 0.987643 -0.113994
v -0.061193 0.938983 -0.108232
v -0.055770 0.896503 -0.093133
v -0.046940 0.859186 -0.073531
v -0.036042 0.830106 -0.054147
v -0.024183 0.810161 -0.036193
v -0.012044 0.799121 -0.018025
v -0.006993 1.345211 -0.016882
v -0.013717 1.329278 -0.033116
v -0.019914 1.303403 -0.048077
v -0.025346 1.266705 -0.061190
v -0.030038 1.216328 -0.072519
v -0.034487 1.162057 -0.083271
v -0.038573 1.104786 -0.099476
v -0.041735 1.045035 -0.118566
v -0.043165 0.987643 -0.127603
v -0.042150 0.938983 -0.120999
v -0.038415 0.896503 -0.104024
v -0.032333 0.859186 -0.082071
v -0.024826 0.830106 -0.060286
v -0.016658 0.810161 -0.040215
v -0.008296 0.799121 -0.020029
v -0.003565 1.345211 -0.017922
v -0.006993 1.329278 -0.035156
v -0.010152 1.303403 -0.051038
v -0.012921 1.266705 -0.064959
v -0.015313 1.216328 -0.076986
v -0.017581 1.162057 -0.088418
v -0.019664 1.104786 -0.105623
v -0.021276 1.045035 -0.125650
v -0.022005 0.987643 -0.135261
v -0.021488 0.938983 -0.128216
v -0.019584 0.896503 -0.110318
v -0.016483 0.859186 -0.087145
v -0.012656 0.830106 -0.064035
v -0.008492 0.810161 -0.042692
v -0.004229 0.799121 -0.021262
v 0.000000 1.045035 -0.127746
v 0.000000 0.987643 -0.137428
v 0.000000 0.938983 -0.130332
v 0.000000 0.810161 -0.043529
v 0.000000 0.799121 -0.021679
v -0.000000 0.796476 0.000000
vt 0.475492 0.539370
vt 0.481036 0.537893
vt 0.481902 0.544034
vt 0.477607 0.545313
vt 0.517437 0.559904
vt 0.519289 0.565421
vt 0.517296 0.566111
vt 0.514714 0.561437
vt 0.468908 0.543260
vt 0.472266 0.548241
vt 0.514392 0.554625
vt 0.511309 0.557175
vt 0.462745 0.549700
vt 0.466624 0.553121
vt 0.509903 0.549505
vt 0.506802 0.553129
vt 0.458578 0.557088
vt 0.462085 0.558992
vt 0.504395 0.545021
vt 0.501510 0.549706
vt 0.456412 0.564221
vt 0.458950 0.565005
vt 0.496961 0.540712
vt 0.494826 0.546413
vt 0.455758 0.571045
vt 0.457012 0.571224
vt 0.488006 0.537946
vt 0.487387 0.544254
vt 0.520059 0.570909
vt 0.520059 0.576142
vt 0.519037 0.571089
vt 0.455842 0.577441
vt 0.458168 0.571638
vt 0.487213 0.549537
vt 0.482586 0.549153
vt 0.518102 0.571450
vt 0.515580 0.567084
vt 0.478981 0.550309
vt 0.512490 0.563209
vt 0.474537 0.552751
vt 0.508872 0.559808
vt 0.469489 0.556586
vt 0.504406 0.556660
vt 0.464894 0.561218
vt 0.499390 0.554095
vt 0.461125 0.566160
vt 0.493481 0.551498
vt 0.471608 0.560044
vt 0.467108 0.563627
vt 0.502589 0.560063
vt 0.497852 0.558171
vt 0.462942 0.567582
vt 0.492638 0.556169
vt 0.459193 0.572248
vt 0.487274 0.554373
vt 0.517278 0.571964
vt 0.483164 0.553928
vt 0.514143 0.568267
vt 0.479937 0.554946
vt 0.510705 0.565132
vt 0.476119 0.557014
vt 0.506971 0.562468
vt 0.516580 0.572600
vt 0.512978 0.569600
vt 0.483656 0.558586
vt 0.480667 0.559435
vt 0.509306 0.567149
vt 0.477280 0.561113
vt 0.505518 0.565120
vt 0.473193 0.563444
vt 0.501240 0.563331
vt 0.468827 0.566118
vt 0.496753 0.561967
vt 0.464421 0.569190
vt 0.492088 0.560533
vt 0.460065 0.573014
vt 0.487411 0.559001
vt 0.500270 0.566474
vt 0.495993 0.565531
vt 0.470126 0.568619
vt 0.465586 0.570928
vt 0.491720 0.564624
vt 0.460770 0.573903
vt 0.487544 0.563452
vt 0.516020 0.573333
vt 0.484060 0.563122
vt 0.512075 0.571039
vt 0.481244 0.563787
vt 0.508250 0.569221
vt 0.478154 0.565058
vt 0.504447 0.567747
vt 0.474376 0.566749
vt 0.484374 0.567455
vt 0.481695 0.567941
vt 0.511422 0.572551
vt 0.507504 0.571323
vt 0.478807 0.568817
vt 0.503704 0.570344
vt 0.475238 0.569930
vt 0.499613 0.569513
vt 0.471078 0.571137
vt 0.495497 0.568915
vt 0.466422 0.572762
vt 0.491480 0.568446
vt 0.461300 0.574884
vt 0.487649 0.567679
vt 0.515603 0.574138
vt 0.471710 0.573657
vt 0.466975 0.574651
vt 0.495214 0.572172
vt 0.491347 0.572001
vt 0.461651 0.575927
vt 0.487726 0.571636
vt 0.515333 0.574990
vt 0.484601 0.571517
vt 0.511010 0.574107
vt 0.482024 0.571837
vt 0.507043 0.573440
vt 0.479265 0.572360
vt 0.503252 0.572914
vt 0.475819 0.572964
vt 0.499222 0.572475
vt 0.510833 0.575687
vt 0.506850 0.575562
vt 0.482229 0.575458
vt 0.479534 0.575680
vt 0.503068 0.575465
vt 0.476136 0.575893
vt 0.499070 0.575390
vt 0.472057 0.576184
vt 0.495114 0.575354
vt 0.467255 0.576573
vt 0.491314 0.575354
vt 0.461820 0.577006
vt 0.487789 0.575317
vt 0.515213 0.575870
vt 0.484748 0.575286
vt 0.495184 0.578514
vt 0.491381 0.578672
vt 0.467264 0.578513
vt 0.461806 0.578099
vt 0.487857 0.578766
vt 0.515243 0.576755
vt 0.484822 0.578800
vt 0.510888 0.577271
vt 0.482300 0.578845
vt 0.506918 0.577683
vt 0.479612 0.578848
vt 0.503141 0.578010
vt 0.476229 0.578816
vt 0.499143 0.578291
vt 0.472089 0.578725
vt 0.482267 0.582167
vt 0.479517 0.582041
vt 0.507250 0.579797
vt 0.503474 0.580560
vt 0.476048 0.581777
vt 0.499442 0.581211
vt 0.471847 0.581285
vt 0.495423 0.581703
vt 0.467000 0.580456
vt 0.491545 0.582025
vt 0.461609 0.579180
vt 0.487946 0.582187
vt 0.515424 0.577626
vt 0.484841 0.582213
vt 0.511175 0.578839
vt 0.466454 0.582387
vt 0.461227 0.580226
vt 0.491815 0.585486
vt 0.488060 0.585729
vt 0.515753 0.578460
vt 0.484809 0.585738
vt 0.511700 0.580372
vt 0.482116 0.585609
vt 0.507857 0.581897
vt 0.479234 0.585342
vt 0.504083 0.583128
vt 0.475621 0.584814
vt 0.499985 0.584184
vt 0.471313 0.583879
vt 0.495847 0.584978
vt 0.478731 0.588823
vt 0.474906 0.587978
vt 0.504998 0.585721
vt 0.500808 0.587246
vt 0.470448 0.586518
vt 0.496489 0.588398
vt 0.465605 0.584284
vt 0.492212 0.589129
vt 0.460661 0.581209
vt 0.488208 0.589498
vt 0.516229 0.579235
vt 0.484709 0.589481
vt 0.512469 0.581844
vt 0.481815 0.589260
vt 0.508759 0.583972
vt 0.516845 0.579927
vt 0.459913 0.582099
vt 0.488380 0.593576
vt 0.484526 0.593554
vt 0.513494 0.583223
vt 0.481334 0.593227
vt 0.509988 0.585999
vt 0.477955 0.592574
vt 0.506267 0.588342
vt 0.473833 0.591319
vt 0.501968 0.590429
vt 0.469192 0.589208
vt 0.497408 0.592038
vt 0.464425 0.586116
vt 0.492798 0.593084
vt 0.507958 0.590978
vt 0.503552 0.593759
vt 0.472287 0.594896
vt 0.467454 0.591935
vt 0.498694 0.595968
vt 0.462880 0.587836
vt 0.493625 0.597465
vt 0.458989 0.582863
vt 0.488631 0.598126
vt 0.517593 0.580509
vt 0.484256 0.598130
vt 0.514783 0.584468
vt 0.480624 0.597668
vt 0.511584 0.587945
vt 0.476813 0.596717
vt 0.489050 0.603458
vt 0.483890 0.603483
vt 0.518458 0.580953
vt 0.516342 0.585526
vt 0.479591 0.602830
vt 0.513595 0.589753
vt 0.475141 0.601428
vt 0.510158 0.593599
vt 0.470082 0.598767
vt 0.505676 0.597243
vt 0.465105 0.594654
vt 0.500473 0.600247
vt 0.460933 0.589369
vt 0.494793 0.602344
vt 0.457903 0.583460
vt 0.466906 0.602955
vt 0.461977 0.597252
vt 0.508500 0.600865
vt 0.502986 0.604953
vt 0.458556 0.590605
vt 0.496587 0.608124
vt 0.456678 0.583848
vt 0.489699 0.609646
vt 0.519417 0.581230
vt 0.483413 0.609969
vt 0.518165 0.586326
vt 0.478048 0.609112
vt 0.516071 0.591340
vt 0.472619 0.606958
vt 0.512979 0.596152
vt 0.535888 0.589589
vt 0.534247 0.584006
vt 0.535282 0.583666
vt 0.537843 0.588563
vt 0.580546 0.607126
vt 0.575621 0.609116
vt 0.573879 0.602876
vt 0.577894 0.601525
vt 0.538698 0.594996
vt 0.541248 0.592967
vt 0.585035 0.604083
vt 0.581797 0.599497
vt 0.542746 0.599903
vt 0.545444 0.596747
vt 0.589383 0.599630
vt 0.585970 0.596335
vt 0.548303 0.604291
vt 0.550728 0.600015
vt 0.593028 0.594068
vt 0.590008 0.592099
vt 0.554832 0.607650
vt 0.556639 0.602353
vt 0.595457 0.587951
vt 0.593255 0.587020
vt 0.561988 0.609693
vt 0.562806 0.603601
vt 0.596820 0.581849
vt 0.595693 0.581541
vt 0.569242 0.610162
vt 0.568769 0.603715
vt 0.533475 0.578555
vt 0.597493 0.575927
vt 0.552472 0.596056
vt 0.557836 0.597667
vt 0.587600 0.589862
vt 0.591387 0.585766
vt 0.563249 0.598419
vt 0.594676 0.581034
vt 0.568301 0.598429
vt 0.536200 0.583152
vt 0.572628 0.597765
vt 0.539466 0.587294
vt 0.576072 0.596803
vt 0.543241 0.590794
vt 0.579542 0.595378
vt 0.547467 0.593664
vt 0.583491 0.593103
vt 0.571710 0.593337
vt 0.574770 0.592642
vt 0.540769 0.585859
vt 0.544765 0.588555
vt 0.577923 0.591618
vt 0.548958 0.590679
vt 0.581652 0.589958
vt 0.553704 0.592389
vt 0.585740 0.587516
vt 0.558620 0.593482
vt 0.589859 0.584289
vt 0.563454 0.593946
vt 0.593797 0.580361
vt 0.567918 0.593832
vt 0.536980 0.582498
vt 0.584319 0.585120
vt 0.588654 0.582663
vt 0.559117 0.589664
vt 0.563534 0.589915
vt 0.593073 0.579558
vt 0.567588 0.589763
vt 0.537611 0.581737
vt 0.571026 0.589377
vt 0.541773 0.584317
vt 0.573824 0.588869
vt 0.545892 0.586292
vt 0.576751 0.588129
vt 0.550023 0.587795
vt 0.580306 0.586929
vt 0.554546 0.588961
vt 0.573133 0.585355
vt 0.575906 0.584829
vt 0.546675 0.584032
vt 0.550735 0.585003
vt 0.579325 0.583978
vt 0.555082 0.585721
vt 0.583310 0.582704
vt 0.559400 0.586113
vt 0.587753 0.580940
vt 0.563527 0.586204
vt 0.592514 0.578658
vt 0.567305 0.586031
vt 0.538088 0.580896
vt 0.570507 0.585726
vt 0.542498 0.582706
vt 0.587138 0.579154
vt 0.592125 0.577690
vt 0.563452 0.582705
vt 0.567062 0.582514
vt 0.538407 0.580001
vt 0.570111 0.582270
vt 0.542961 0.581057
vt 0.572640 0.582009
vt 0.547152 0.581785
vt 0.575323 0.581656
vt 0.551147 0.582284
vt 0.578662 0.581100
vt 0.555365 0.582617
vt 0.582624 0.580282
vt 0.559512 0.582749
vt 0.547350 0.579557
vt 0.551291 0.579622
vt 0.574962 0.578550
vt 0.578272 0.578258
vt 0.555425 0.579602
vt 0.582234 0.577856
vt 0.559476 0.579497
vt 0.586793 0.577331
vt 0.563312 0.579331
vt 0.591908 0.576679
vt 0.566840 0.579121
vt 0.538567 0.579077
vt 0.569839 0.578905
vt 0.543174 0.579395
vt 0.572317 0.578748
vt 0.563102 0.575998
vt 0.566629 0.575687
vt 0.538570 0.578146
vt 0.591866 0.575649
vt 0.569644 0.575429
vt 0.543147 0.577736
vt 0.572141 0.575416
vt 0.547281 0.577351
vt 0.574806 0.575444
vt 0.551181 0.576995
vt 0.578137 0.575418
vt 0.555275 0.576635
vt 0.582124 0.575422
vt 0.559301 0.576294
vt 0.586712 0.575489
vt 0.574849 0.572171
vt 0.578259 0.572547
vt 0.550818 0.574386
vt 0.554910 0.573673
vt 0.582295 0.572974
vt 0.558955 0.573083
vt 0.586894 0.573645
vt 0.562829 0.572634
vt 0.591998 0.574625
vt 0.566428 0.572015
vt 0.538416 0.577228
vt 0.569527 0.571686
vt 0.542882 0.576100
vt 0.572099 0.571833
vt 0.546950 0.575168
vt 0.538107 0.576344
vt 0.592304 0.573629
vt 0.566249 0.568059
vt 0.569499 0.567638
vt 0.542379 0.574504
vt 0.572185 0.567962
vt 0.546350 0.573012
vt 0.575086 0.568662
vt 0.550191 0.571781
vt 0.578649 0.569554
vt 0.554315 0.570683
vt 0.582762 0.570508
vt 0.558443 0.569808
vt 0.587346 0.571818
vt 0.562458 0.569071
vt 0.549273 0.569167
vt 0.553457 0.567630
vt 0.579325 0.566399
vt 0.583555 0.568026
vt 0.557726 0.566412
vt 0.588082 0.570030
vt 0.561983 0.565238
vt 0.592782 0.572688
vt 0.566108 0.563822
vt 0.537648 0.575518
vt 0.569571 0.563306
vt 0.541632 0.572971
vt 0.572405 0.563822
vt 0.545464 0.570892
vt 0.575527 0.564923
vt 0.566011 0.559350
vt 0.569751 0.558758
vt 0.537043 0.574772
vt 0.540634 0.571527
vt 0.572770 0.559470
vt 0.544267 0.568823
vt 0.576204 0.560985
vt 0.548024 0.566544
vt 0.580333 0.563104
vt 0.552286 0.564488
vt 0.584713 0.565531
vt 0.556745 0.562837
vt 0.589118 0.568313
vt 0.561383 0.561129
vt 0.593430 0.571827
vt 0.581751 0.559700
vt 0.586287 0.563038
vt 0.550729 0.561242
vt 0.555412 0.559019
vt 0.590474 0.566709
vt 0.560605 0.556740
vt 0.594241 0.571077
vt 0.565936 0.554691
vt 0.536301 0.574132
vt 0.570044 0.554076
vt 0.539377 0.570209
vt 0.573310 0.554968
vt 0.542725 0.566834
vt 0.577185 0.556878
vt 0.546388 0.563917
vt 0.570449 0.549266
vt 0.574098 0.550305
vt 0.537852 0.569064
vt 0.540793 0.564968
vt 0.578603 0.552595
vt 0.544284 0.561306
vt 0.583714 0.556226
vt 0.548663 0.557847
vt 0.588358 0.560615
vt 0.553643 0.554953
vt 0.592172 0.565277
vt 0.559539 0.552042
vt 0.595203 0.570472
vt 0.565806 0.549814
vt 0.535434 0.573626
vt 0.591023 0.558366
vt 0.594223 0.564095
vt 0.551259 0.550555
vt 0.557965 0.546920
vt 0.596297 0.570047
vt 0.565449 0.544480
vt 0.534461 0.573282
vt 0.570980 0.544099
vt 0.536059 0.568152
vt 0.575324 0.545267
vt 0.538426 0.563294
vt 0.580728 0.548050
vt 0.541620 0.558760
vt 0.586432 0.552735
vt 0.545980 0.554321
vt 0.534011 0.567541
vt 0.535582 0.561899
vt 0.577304 0.539264
vt 0.583954 0.543023
vt 0.538313 0.556349
vt 0.590170 0.549284
vt 0.542595 0.550775
vt 0.594385 0.556432
vt 0.548084 0.545865
vt 0.596625 0.563270
vt 0.555584 0.541165
vt 0.597493 0.569838
vt 0.564647 0.538101
vt 0.533407 0.573125
vt 0.571703 0.537893
vn 0.0000 -0.2682 -0.9633
vn 0.0000 0.0110 -0.9999
vn 0.2162 0.0109 -0.9763
vn 0.2072 -0.2637 -0.9420
vn 0.0000 0.4453 -0.8954
vn 0.0000 0.6375 -0.7704
vn 0.1503 0.6375 -0.7556
vn 0.1747 0.4453 -0.8782
vn 0.0000 -0.4615 -0.8871
vn 0.1866 -0.4570 -0.8696
vn 0.0000 0.2981 -0.9545
vn 0.1862 0.2981 -0.9362
vn 0.0000 -0.5797 -0.8148
vn 0.1668 -0.5767 -0.7997
vn 0.0000 0.2231 -0.9748
vn 0.1903 0.2230 -0.9561
vn 0.0000 -0.6823 -0.7311
vn 0.1459 -0.6811 -0.7175
vn 0.0000 0.2513 -0.9679
vn 0.1924 0.2494 -0.9491
vn 0.0000 -0.8185 -0.5744
vn 0.1126 -0.8184 -0.5635
vn 0.0000 0.3058 -0.9521
vn 0.1963 0.3014 -0.9330
vn 0.0000 -0.9539 -0.3002
vn 0.0585 -0.9539 -0.2944
vn 0.0000 0.2428 -0.9701
vn 0.2071 0.2382 -0.9489
vn 0.0000 0.8661 -0.4999
vn 0.0000 1.0000 0.0000
vn 0.0975 0.8661 -0.4903
vn 0.0000 -1.0000 0.0000
vn 0.1149 -0.9539 -0.2773
vn 0.4292 0.2216 -0.8755
vn 0.4495 0.0103 -0.8932
vn 0.1913 0.8661 -0.4618
vn 0.2948 0.6375 -0.7118
vn 0.4310 -0.2479 -0.8676
vn 0.3426 0.4453 -0.8272
vn 0.3858 -0.4402 -0.8108
vn 0.3653 0.2981 -0.8819
vn 0.3393 -0.5656 -0.7516
vn 0.3732 0.2229 -0.9005
vn 0.2911 -0.6767 -0.6763
vn 0.3812 0.2425 -0.8921
vn 0.2217 -0.8178 -0.5310
vn 0.3994 0.2848 -0.8714
vn 0.4985 -0.5458 -0.6735
vn 0.4255 -0.6688 -0.6096
vn 0.5416 0.2228 -0.8105
vn 0.5539 0.2306 -0.8000
vn 0.3223 -0.8169 -0.4783
vn 0.5818 0.2561 -0.7719
vn 0.1668 -0.9539 -0.2496
vn 0.6207 0.1945 -0.7595
vn 0.2777 0.8661 -0.4156
vn 0.6451 0.0092 -0.7640
vn 0.4280 0.6375 -0.6406
vn 0.6229 -0.2225 -0.7499
vn 0.4974 0.4453 -0.7445
vn 0.5648 -0.4113 -0.7154
vn 0.5303 0.2981 -0.7937
vn 0.3535 0.8661 -0.3535
vn 0.5448 0.6375 -0.5448
vn 0.7820 0.0080 -0.6232
vn 0.7621 -0.1956 -0.6171
vn 0.6331 0.4453 -0.6331
vn 0.7049 -0.3786 -0.5997
vn 0.6749 0.2981 -0.6749
vn 0.6313 -0.5223 -0.5732
vn 0.6893 0.2228 -0.6893
vn 0.5411 -0.6597 -0.5215
vn 0.7014 0.2170 -0.6789
vn 0.4096 -0.8161 -0.4077
vn 0.7275 0.2235 -0.6486
vn 0.2123 -0.9539 -0.2123
vn 0.7613 0.1651 -0.6269
vn 0.8105 0.2228 -0.5416
vn 0.8200 0.2059 -0.5340
vn 0.6353 -0.6521 -0.4137
vn 0.4811 -0.8157 -0.3211
vn 0.8386 0.1950 -0.5086
vn 0.2496 -0.9539 -0.1668
vn 0.8623 0.1391 -0.4869
vn 0.4156 0.8661 -0.2777
vn 0.8772 0.0069 -0.4801
vn 0.6406 0.6375 -0.4280
vn 0.8611 -0.1725 -0.4782
vn 0.7445 0.4453 -0.4974
vn 0.8101 -0.3491 -0.4708
vn 0.7937 0.2981 -0.5303
vn 0.7365 -0.5008 -0.4546
vn 0.9431 0.0060 -0.3325
vn 0.9304 -0.1553 -0.3321
vn 0.7118 0.6375 -0.2948
vn 0.8272 0.4453 -0.3426
vn 0.8858 -0.3268 -0.3294
vn 0.8819 0.2981 -0.3653
vn 0.8141 -0.4855 -0.3186
vn 0.9006 0.2228 -0.3731
vn 0.7056 -0.6475 -0.2880
vn 0.9075 0.1991 -0.3698
vn 0.5344 -0.8157 -0.2214
vn 0.9187 0.1749 -0.3541
vn 0.2773 -0.9539 -0.1149
vn 0.9333 0.1193 -0.3386
vn 0.4618 0.8661 -0.1913
vn 0.7489 -0.6458 -0.1481
vn 0.5673 -0.8157 -0.1128
vn 0.9619 0.1966 -0.1900
vn 0.9691 0.1641 -0.1839
vn 0.2944 -0.9539 -0.0586
vn 0.9784 0.1068 -0.1770
vn 0.4903 0.8661 -0.0975
vn 0.9847 0.0055 -0.1739
vn 0.7556 0.6375 -0.1503
vn 0.9741 -0.1444 -0.1737
vn 0.8782 0.4453 -0.1747
vn 0.9339 -0.3133 -0.1723
vn 0.9362 0.2981 -0.1862
vn 0.8627 -0.4777 -0.1659
vn 0.9561 0.2228 -0.1902
vn 0.7704 0.6375 0.0000
vn 0.8954 0.4453 0.0000
vn 0.9902 -0.1395 0.0023
vn 0.9514 -0.3080 0.0019
vn 0.9545 0.2981 0.0000
vn 0.8798 -0.4754 0.0005
vn 0.9749 0.2228 0.0000
vn 0.7636 -0.6456 0.0000
vn 0.9805 0.1962 0.0000
vn 0.5785 -0.8157 0.0000
vn 0.9871 0.1603 0.0009
vn 0.3002 -0.9539 0.0000
vn 0.9948 0.1014 0.0020
vn 0.4999 0.8661 0.0000
vn 1.0000 0.0053 0.0020
vn 0.9617 0.1962 0.1913
vn 0.9682 0.1599 0.1923
vn 0.5673 -0.8157 0.1128
vn 0.2944 -0.9539 0.0585
vn 0.9760 0.1006 0.1931
vn 0.4903 0.8661 0.0975
vn 0.9811 0.0052 0.1934
vn 0.7556 0.6375 0.1503
vn 0.9715 -0.1387 0.1920
vn 0.8782 0.4453 0.1747
vn 0.9334 -0.3073 0.1852
vn 0.9362 0.2981 0.1862
vn 0.8629 -0.4752 0.1716
vn 0.9561 0.2228 0.1902
vn 0.7490 -0.6456 0.1490
vn 0.9149 -0.1389 0.3789
vn 0.8791 -0.3075 0.3641
vn 0.8272 0.4453 0.3426
vn 0.8819 0.2981 0.3653
vn 0.8129 -0.4752 0.3367
vn 0.9006 0.2228 0.3731
vn 0.7055 -0.6456 0.2922
vn 0.9059 0.1962 0.3752
vn 0.5344 -0.8157 0.2214
vn 0.9120 0.1599 0.3777
vn 0.2773 -0.9539 0.1149
vn 0.9192 0.1008 0.3807
vn 0.4618 0.8661 0.1913
vn 0.9239 0.0052 0.3826
vn 0.7118 0.6375 0.2948
vn 0.4810 -0.8157 0.3214
vn 0.2496 -0.9539 0.1668
vn 0.8207 0.1599 0.5484
vn 0.8272 0.1008 0.5527
vn 0.4156 0.8661 0.2777
vn 0.8314 0.0052 0.5556
vn 0.6406 0.6375 0.4280
vn 0.8234 -0.1390 0.5502
vn 0.7445 0.4453 0.4974
vn 0.7912 -0.3075 0.5286
vn 0.7937 0.2981 0.5303
vn 0.7316 -0.4752 0.4888
vn 0.8105 0.2228 0.5416
vn 0.6349 -0.6456 0.4242
vn 0.8153 0.1962 0.5448
vn 0.6728 -0.3075 0.6728
vn 0.6222 -0.4752 0.6222
vn 0.6749 0.2981 0.6749
vn 0.6893 0.2228 0.6893
vn 0.5400 -0.6456 0.5400
vn 0.6934 0.1962 0.6934
vn 0.4090 -0.8157 0.4090
vn 0.6980 0.1599 0.6980
vn 0.2123 -0.9539 0.2123
vn 0.7035 0.1008 0.7035
vn 0.3535 0.8661 0.3535
vn 0.7071 0.0052 0.7071
vn 0.5448 0.6375 0.5448
vn 0.7002 -0.1390 0.7002
vn 0.6331 0.4453 0.6331
vn 0.2777 0.8661 0.4156
vn 0.1668 -0.9539 0.2496
vn 0.5527 0.1008 0.8272
vn 0.5556 0.0052 0.8314
vn 0.4280 0.6375 0.6406
vn 0.5502 -0.1390 0.8234
vn 0.4974 0.4453 0.7445
vn 0.5286 -0.3075 0.7912
vn 0.5303 0.2981 0.7937
vn 0.4888 -0.4752 0.7316
vn 0.5416 0.2228 0.8105
vn 0.4242 -0.6456 0.6349
vn 0.5448 0.1962 0.8153
vn 0.3214 -0.8157 0.4810
vn 0.5484 0.1599 0.8207
vn 0.3653 0.2981 0.8819
vn 0.3731 0.2228 0.9006
vn 0.3367 -0.4752 0.8129
vn 0.2922 -0.6456 0.7055
vn 0.3752 0.1962 0.9059
vn 0.2214 -0.8157 0.5344
vn 0.3777 0.1599 0.9120
vn 0.1149 -0.9539 0.2773
vn 0.3807 0.1008 0.9192
vn 0.1913 0.8661 0.4618
vn 0.3827 0.0052 0.9239
vn 0.2948 0.6375 0.7118
vn 0.3789 -0.1390 0.9149
vn 0.3426 0.4453 0.8272
vn 0.3641 -0.3075 0.8791
vn 0.1941 0.1008 0.9758
vn 0.1951 0.0052 0.9807
vn 0.0975 0.8661 0.4903
vn 0.1503 0.6375 0.7556
vn 0.1932 -0.1390 0.9713
vn 0.1747 0.4453 0.8782
vn 0.1856 -0.3075 0.9333
vn 0.1862 0.2981 0.9362
vn 0.1716 -0.4752 0.8629
vn 0.1902 0.2228 0.9561
vn 0.1490 -0.6456 0.7490
vn 0.1913 0.1962 0.9617
vn 0.1128 -0.8157 0.5673
vn 0.1926 0.1599 0.9681
vn 0.0585 -0.9539 0.2944
vn 0.0000 -0.4752 0.8798
vn 0.0000 -0.6456 0.7636
vn 0.0000 0.2228 0.9749
vn 0.0000 0.1962 0.9806
vn 0.0000 -0.8157 0.5785
vn 0.0000 0.1599 0.9871
vn 0.0000 -0.9539 0.3002
vn 0.0000 0.1008 0.9949
vn 0.0000 0.8661 0.4999
vn 0.0000 0.0052 1.0000
vn 0.0000 0.6375 0.7704
vn 0.0000 -0.1390 0.9903
vn 0.0000 0.4453 0.8954
vn 0.0000 -0.3075 0.9515
vn 0.0000 0.2981 0.9545
vn -0.0975 0.8661 0.4903
vn -0.1503 0.6375 0.7556
vn -0.1951 0.0052 0.9807
vn -0.1932 -0.1390 0.9713
vn -0.1747 0.4453 0.8782
vn -0.1856 -0.3075 0.9333
vn -0.1862 0.2981 0.9362
vn -0.1716 -0.4752 0.8629
vn -0.1902 0.2228 0.9561
vn -0.1490 -0.6456 0.7490
vn -0.1913 0.1962 0.9617
vn -0.1128 -0.8157 0.5673
vn -0.1926 0.1599 0.9681
vn -0.0585 -0.9539 0.2944
vn -0.1941 0.1008 0.9758
vn -0.3731 0.2228 0.9006
vn -0.3752 0.1962 0.9059
vn -0.2922 -0.6456 0.7055
vn -0.2214 -0.8157 0.5344
vn -0.3777 0.1599 0.9120
vn -0.1149 -0.9539 0.2773
vn -0.3807 0.1008 0.9192
vn -0.1913 0.8661 0.4618
vn -0.3827 0.0052 0.9239
vn -0.2948 0.6375 0.7118
vn -0.3789 -0.1390 0.9149
vn -0.3426 0.4453 0.8272
vn -0.3641 -0.3075 0.8791
vn -0.3653 0.2981 0.8819
vn -0.3367 -0.4752 0.8129
vn -0.5556 0.0052 0.8314
vn -0.5502 -0.1390 0.8234
vn -0.4280 0.6375 0.6406
vn -0.4974 0.4453 0.7445
vn -0.5286 -0.3075 0.7912
vn -0.5303 0.2981 0.7937
vn -0.4888 -0.4752 0.7316
vn -0.5416 0.2228 0.8105
vn -0.4242 -0.6456 0.6349
vn -0.5448 0.1962 0.8153
vn -0.3214 -0.8157 0.4810
vn -0.5484 0.1599 0.8207
vn -0.1668 -0.9539 0.2496
vn -0.5527 0.1008 0.8272
vn -0.2777 0.8661 0.4156
vn -0.5400 -0.6456 0.5400
vn -0.4090 -0.8157 0.4090
vn -0.6934 0.1962 0.6934
vn -0.6980 0.1599 0.6980
vn -0.2123 -0.9539 0.2123
vn -0.7035 0.1008 0.7035
vn -0.3535 0.8661 0.3535
vn -0.7071 0.0052 0.7071
vn -0.5448 0.6375 0.5448
vn -0.7002 -0.1390 0.7002
vn -0.6331 0.4453 0.6331
vn -0.6728 -0.3075 0.6728
vn -0.6749 0.2981 0.6749
vn -0.6222 -0.4752 0.6222
vn -0.6893 0.2228 0.6893
vn -0.8234 -0.1390 0.5502
vn -0.7912 -0.3075 0.5286
vn -0.7445 0.4453 0.4974
vn -0.7937 0.2981 0.5303
vn -0.7316 -0.4752 0.4888
vn -0.8105 0.2228 0.5416
vn -0.6349 -0.6456 0.4242
vn -0.8153 0.1962 0.5448
vn -0.4810 -0.8157 0.3214
vn -0.8207 0.1599 0.5484
vn -0.2496 -0.9539 0.1668
vn -0.8272 0.1008 0.5527
vn -0.4156 0.8661 0.2777
vn -0.8314 0.0052 0.5556
vn -0.6406 0.6375 0.4280
vn -0.5344 -0.8157 0.2214
vn -0.2773 -0.9539 0.1149
vn -0.9120 0.1599 0.3777
vn -0.9192 0.1008 0.3807
vn -0.4618 0.8661 0.1913
vn -0.9239 0.0052 0.3826
vn -0.7118 0.6375 0.2948
vn -0.9149 -0.1389 0.3789
vn -0.8272 0.4453 0.3426
vn -0.8791 -0.3075 0.3641
vn -0.8819 0.2981 0.3653
vn -0.8129 -0.4752 0.3367
vn -0.9006 0.2228 0.3731
vn -0.7055 -0.6456 0.2922
vn -0.9059 0.1962 0.3752
vn -0.8782 0.4453 0.1747
vn -0.9362 0.2981 0.1862
vn -0.9334 -0.3073 0.1852
vn -0.8629 -0.4752 0.1716
vn -0.9561 0.2228 0.1902
vn -0.7490 -0.6456 0.1490
vn -0.9617 0.1962 0.1913
vn -0.5673 -0.8157 0.1129
vn -0.9682 0.1599 0.1923
vn -0.2944 -0.9539 0.0585
vn -0.9760 0.1006 0.1931
vn -0.4903 0.8661 0.0975
vn -0.9811 0.0052 0.1934
vn -0.7556 0.6375 0.1503
vn -0.9715 -0.1387 0.1920
vn -0.9871 0.1603 0.0009
vn -0.9948 0.1014 0.0020
vn -0.4999 0.8661 0.0000
vn -0.3002 -0.9539 0.0000
vn -1.0000 0.0053 0.0020
vn -0.7704 0.6375 0.0000
vn -0.9902 -0.1395 0.0023
vn -0.8954 0.4453 0.0000
vn -0.9514 -0.3080 0.0019
vn -0.9545 0.2981 0.0000
vn -0.8798 -0.4754 0.0005
vn -0.9749 0.2228 0.0000
vn -0.7636 -0.6456 0.0000
vn -0.9805 0.1962 0.0000
vn -0.5785 -0.8157 0.0000
vn -0.9339 -0.3133 -0.1723
vn -0.8627 -0.4777 -0.1659
vn -0.9362 0.2981 -0.1862
vn -0.9561 0.2228 -0.1902
vn -0.7489 -0.6458 -0.1481
vn -0.9619 0.1966 -0.1900
vn -0.5673 -0.8157 -0.1128
vn -0.9691 0.1641 -0.1839
vn -0.2944 -0.9539 -0.0585
vn -0.9784 0.1068 -0.1770
vn -0.4903 0.8661 -0.0975
vn -0.9847 0.0055 -0.1739
vn -0.7556 0.6375 -0.1503
vn -0.9741 -0.1444 -0.1737
vn -0.8782 0.4453 -0.1747
vn -0.4618 0.8661 -0.1913
vn -0.2773 -0.9539 -0.1149
vn -0.9333 0.1193 -0.3386
vn -0.9431 0.0060 -0.3325
vn -0.7118 0.6375 -0.2948
vn -0.9304 -0.1553 -0.3321
vn -0.8272 0.4453 -0.3426
vn -0.8858 -0.3268 -0.3294
vn -0.8819 0.2981 -0.3653
vn -0.8141 -0.4855 -0.3186
vn -0.9006 0.2228 -0.3731
vn -0.7056 -0.6475 -0.2880
vn -0.9075 0.1991 -0.3698
vn -0.5344 -0.8157 -0.2214
vn -0.9187 0.1749 -0.3541
vn -0.7937 0.2981 -0.5303
vn -0.8105 0.2228 -0.5416
vn -0.7365 -0.5008 -0.4546
vn -0.6353 -0.6521 -0.4137
vn -0.8200 0.2059 -0.5340
vn -0.4811 -0.8157 -0.3211
vn -0.8386 0.1950 -0.5086
vn -0.2496 -0.9539 -0.1668
vn -0.8623 0.1391 -0.4869
vn -0.4156 0.8661 -0.2777
vn -0.8772 0.0069 -0.4801
vn -0.6406 0.6375 -0.4280
vn -0.8611 -0.1725 -0.4782
vn -0.7445 0.4453 -0.4974
vn -0.8101 -0.3491 -0.4708
vn -0.7613 0.1651 -0.6269
vn -0.7820 0.0080 -0.6232
vn -0.3535 0.8661 -0.3535
vn -0.5448 0.6375 -0.5448
vn -0.7621 -0.1956 -0.6171
vn -0.6331 0.4453 -0.6331
vn -0.7049 -0.3786 -0.5997
vn -0.6749 0.2981 -0.6749
vn -0.6313 -0.5223 -0.5732
vn -0.6893 0.2228 -0.6893
vn -0.5411 -0.6597 -0.5215
vn -0.7014 0.2170 -0.6789
vn -0.4096 -0.8161 -0.4077
vn -0.7275 0.2235 -0.6486
vn -0.2123 -0.9539 -0.2123
vn -0.4985 -0.5458 -0.6735
vn -0.4255 -0.6688 -0.6096
vn -0.5416 0.2228 -0.8105
vn -0.5539 0.2306 -0.8000
vn -0.3223 -0.8169 -0.4783
vn -0.5818 0.2561 -0.7719
vn -0.1668 -0.9539 -0.2496
vn -0.6207 0.1945 -0.7595
vn -0.2777 0.8661 -0.4156
vn -0.6451 0.0092 -0.7640
vn -0.4280 0.6375 -0.6406
vn -0.6229 -0.2225 -0.7499
vn -0.4974 0.4453 -0.7445
vn -0.5648 -0.4113 -0.7154
vn -0.5303 0.2981 -0.7937
vn -0.4495 0.0103 -0.8932
vn -0.4310 -0.2479 -0.8676
vn -0.2948 0.6375 -0.7118
vn -0.3426 0.4453 -0.8272
vn -0.3858 -0.4402 -0.8108
vn -0.3653 0.2981 -0.8819
vn -0.3393 -0.5656 -0.7516
vn -0.3732 0.2229 -0.9005
vn -0.2911 -0.6767 -0.6763
vn -0.3812 0.2425 -0.8921
vn -0.2217 -0.8178 -0.5310
vn -0.3994 0.2848 -0.8714
vn -0.1149 -0.9539 -0.2773
vn -0.4292 0.2216 -0.8755
vn -0.1913 0.8661 -0.4618
vn -0.1459 -0.6811 -0.7175
vn -0.1126 -0.8184 -0.5635
vn -0.1924 0.2494 -0.9491
vn -0.1963 0.3014 -0.9330
vn -0.0585 -0.9539 -0.2944
vn -0.2071 0.2382 -0.9489
vn -0.0975 0.8661 -0.4903
vn -0.2162 0.0109 -0.9763
vn -0.1503 0.6375 -0.7556
vn -0.2072 -0.2637 -0.9420
vn -0.1747 0.4453 -0.8782
vn -0.1866 -0.4570 -0.8696
vn -0.1862 0.2981 -0.9362
vn -0.1668 -0.5767 -0.7997
vn -0.1903 0.2230 -0.9561
usemtl Material
s 1
f 1265/905/710 1264/906/711 805/907/712 806/908/713
f 789/909/714 788/910/715 798/911/716 799/912/717
f 794/913/718 1265/905/710 806/908/713 807/914/719
f 790/915/720 789/909/714 799/912/717 800/916/721
f 795/917/722 794/913/718 807/914/719 808/918/723
f 791/919/724 790/915/720 800/916/721 801/920/725
f 796/921/726 795/917/722 808/918/723 809/922/727
f 792/923/728 791/919/724 801/920/725 802/924/729
f 1266/925/730 796/921/726 809/922/727 810/926/731
f 793/927/732 792/923/728 802/924/729 803/928/733
f 1267/929/734 1266/925/730 810/926/731 811/930/735
f 1263/931/736 793/927/732 803/928/733 804/932/737
f 787/933/738 1112/934/739 797/935/740
f 1268/936/741 1267/929/734 811/930/735
f 1264/906/711 1263/931/736 804/932/737 805/907/712
f 788/910/715 787/933/738 797/935/740 798/911/716
f 1268/936/741 811/930/735 826/937/742
f 805/907/712 804/932/737 819/938/743 820/939/744
f 798/911/716 797/935/740 812/940/745 813/941/746
f 806/908/713 805/907/712 820/939/744 821/942/747
f 799/912/717 798/911/716 813/941/746 814/943/748
f 807/914/719 806/908/713 821/942/747 822/944/749
f 800/916/721 799/912/717 814/943/748 815/945/750
f 808/918/723 807/914/719 822/944/749 823/946/751
f 801/920/725 800/916/721 815/945/750 816/947/752
f 809/922/727 808/918/723 823/946/751 824/948/753
f 802/924/729 801/920/725 816/947/752 817/949/754
f 810/926/731 809/922/727 824/948/753 825/950/755
f 803/928/733 802/924/729 817/949/754 818/951/756
f 811/930/735 810/926/731 825/950/755 826/937/742
f 804/932/737 803/928/733 818/951/756 819/938/743
f 797/935/740 1112/934/739 812/940/745
f 824/948/753 823/946/751 838/952/757 839/953/758
f 817/949/754 816/947/752 831/954/759 832/955/760
f 825/950/755 824/948/753 839/953/758 840/956/761
f 818/951/756 817/949/754 832/955/760 833/957/762
f 826/937/742 825/950/755 840/956/761 841/958/763
f 819/938/743 818/951/756 833/957/762 834/959/764
f 812/940/745 1112/934/739 827/960/765
f 1268/936/741 826/937/742 841/958/763
f 820/939/744 819/938/743 834/959/764 835/961/766
f 813/941/746 812/940/745 827/960/765 828/962/767
f 821/942/747 820/939/744 835/961/766 836/963/768
f 814/943/748 813/941/746 828/962/767 829/964/769
f 822/944/749 821/942/747 836/963/768 837/965/770
f 815/945/750 814/943/748 829/964/769 830/966/771
f 823/946/751 822/944/749 837/965/770 838/952/757
f 816/947/752 815/945/750 830/966/771 831/954/759
f 828/962/767 827/960/765 842/967/772 843/968/773
f 836/963/768 835/961/766 850/969/774 851/970/775
f 829/964/769 828/962/767 843/968/773 844/971/776
f 837/965/770 836/963/768 851/970/775 852/972/777
f 830/966/771 829/964/769 844/971/776 845/973/778
f 838/952/757 837/965/770 852/972/777 853/974/779
f 831/954/759 830/966/771 845/973/778 846/975/780
f 839/953/758 838/952/757 853/974/779 854/976/781
f 832/955/760 831/954/759 846/975/780 847/977/782
f 840/956/761 839/953/758 854/976/781 855/978/783
f 833/957/762 832/955/760 847/977/782 848/979/784
f 841/958/763 840/956/761 855/978/783 856/980/785
f 834/959/764 833/957/762 848/979/784 849/981/786
f 827/960/765 1112/934/739 842/967/772
f 1268/936/741 841/958/763 856/980/785
f 835/961/766 834/959/764 849/981/786 850/969/774
f 847/977/782 846/975/780 861/982/787 862/983/788
f 855/978/783 854/976/781 869/984/789 870/985/790
f 848/979/784 847/977/782 862/983/788 863/986/791
f 856/980/785 855/978/783 870/985/790 871/987/792
f 849/981/786 848/979/784 863/986/791 864/988/793
f 842/967/772 1112/934/739 857/989/794
f 1268/936/741 856/980/785 871/987/792
f 850/969/774 849/981/786 864/988/793 865/990/795
f 843/968/773 842/967/772 857/989/794 858/991/796
f 851/970/775 850/969/774 865/990/795 866/992/797
f 844/971/776 843/968/773 858/991/796 859/993/798
f 852/972/777 851/970/775 866/992/797 867/994/799
f 845/973/778 844/971/776 859/993/798 860/995/800
f 853/974/779 852/972/777 867/994/799 868/996/801
f 846/975/780 845/973/778 860/995/800 861/982/787
f 854/976/781 853/974/779 868/996/801 869/984/789
f 866/992/797 865/990/795 880/997/802 881/998/803
f 859/993/798 858/991/796 873/999/804 874/1000/805
f 867/994/799 866/992/797 881/998/803 882/1001/806
f 860/995/800 859/993/798 874/1000/805 875/1002/807
f 868/996/801 867/994/799 882/1001/806 883/1003/808
f 861/982/787 860/995/800 875/1002/807 876/1004/809
f 869/984/789 868/996/801 883/1003/808 884/1005/810
f 862/983/788 861/982/787 876/1004/809 877/1006/811
f 870/985/790 869/984/789 884/1005/810 885/1007/812
f 863/986/791 862/983/788 877/1006/811 878/1008/813
f 871/987/792 870/985/790 885/1007/812 886/1009/814
f 864/988/793 863/986/791 878/1008/813 879/1010/815
f 857/989/794 1112/934/739 872/1011/816
f 1268/936/741 871/987/792 886/1009/814
f 865/990/795 864/988/793 879/1010/815 880/997/802
f 858/991/796 857/989/794 872/1011/816 873/999/804
f 885/1007/812 884/1005/810 899/1012/817 900/1013/818
f 878/1008/813 877/1006/811 892/1014/819 893/1015/820
f 886/1009/814 885/1007/812 900/1013/818 901/1016/821
f 879/1010/815 878/1008/813 893/1015/820 894/1017/822
f 872/1011/816 1112/934/739 887/1018/823
f 1268/936/741 886/1009/814 901/1016/821
f 880/997/802 879/1010/815 894/1017/822 895/1019/824
f 873/999/804 872/1011/816 887/1018/823 888/1020/825
f 881/998/803 880/997/802 895/1019/824 896/1021/826
f 874/1000/805 873/999/804 888/1020/825 889/1022/827
f 882/1001/806 881/998/803 896/1021/826 897/1023/828
f 875/1002/807 874/1000/805 889/1022/827 890/1024/829
f 883/1003/808 882/1001/806 897/1023/828 898/1025/830
f 876/1004/809 875/1002/807 890/1024/829 891/1026/831
f 884/1005/810 883/1003/808 898/1025/830 899/1012/817
f 877/1006/811 876/1004/809 891/1026/831 892/1014/819
f 889/1022/827 888/1020/825 903/1027/832 904/1028/833
f 897/1023/828 896/1021/826 911/1029/834 912/1030/835
f 890/1024/829 889/1022/827 904/1028/833 905/1031/836
f 898/1025/830 897/1023/828 912/1030/835 913/1032/837
f 891/1026/831 890/1024/829 905/1031/836 906/1033/838
f 899/1012/817 898/1025/830 913/1032/837 914/1034/839
f 892/1014/819 891/1026/831 906/1033/838 907/1035/840
f 900/1013/818 899/1012/817 914/1034/839 915/1036/841
f 893/1015/820 892/1014/819 907/1035/840 908/1037/842
f 901/1016/821 900/1013/818 915/1036/841 916/1038/843
f 894/1017/822 893/1015/820 908/1037/842 909/1039/844
f 887/1018/823 1112/934/739 902/1040/845
f 1268/936/741 901/1016/821 916/1038/843
f 895/1019/824 894/1017/822 909/1039/844 910/1041/846
f 888/1020/825 887/1018/823 902/1040/845 903/1027/832
f 896/1021/826 895/1019/824 910/1041/846 911/1029/834
f 908/1037/842 907/1035/840 922/1042/847 923/1043/848
f 916/1038/843 915/1036/841 930/1044/849 931/1045/850
f 909/1039/844 908/1037/842 923/1043/848 924/1046/851
f 902/1040/845 1112/934/739 917/1047/852
f 1268/936/741 916/1038/843 931/1045/850
f 910/1041/846 909/1039/844 924/1046/851 925/1048/853
f 903/1027/832 902/1040/845 917/1047/852 918/1049/854
f 911/1029/834 910/1041/846 925/1048/853 926/1050/855
f 904/1028/833 903/1027/832 918/1049/854 919/1051/856
f 912/1030/835 911/1029/834 926/1050/855 927/1052/857
f 905/1031/836 904/1028/833 919/1051/856 920/1053/858
f 913/1032/837 912/1030/835 927/1052/857 928/1054/859
f 906/1033/838 905/1031/836 920/1053/858 921/1055/860
f 914/1034/839 913/1032/837 928/1054/859 929/1056/861
f 907/1035/840 906/1033/838 921/1055/860 922/1042/847
f 915/1036/841 914/1034/839 929/1056/861 930/1044/849
f 927/1052/857 926/1050/855 941/1057/862 942/1058/863
f 920/1053/858 919/1051/856 934/1059/864 935/1060/865
f 928/1054/859 927/1052/857 942/1058/863 943/1061/866
f 921/1055/860 920/1053/858 935/1060/865 936/1062/867
f 929/1056/861 928/1054/859 943/1061/866 944/1063/868
f 922/1042/847 921/1055/860 936/1062/867 937/1064/869
f 930/1044/849 929/1056/861 944/1063/868 945/1065/870
f 923/1043/848 922/1042/847 937/1064/869 938/1066/871
f 931/1045/850 930/1044/849 945/1065/870 946/1067/872
f 924/1046/851 923/1043/848 938/1066/871 939/1068/873
f 917/1047/852 1112/934/739 932/1069/874
f 1268/936/741 931/1045/850 946/1067/872
f 925/1048/853 924/1046/851 939/1068/873 940/1070/875
f 918/1049/854 917/1047/852 932/1069/874 933/1071/876
f 926/1050/855 925/1048/853 940/1070/875 941/1057/862
f 919/1051/856 918/1049/854 933/1071/876 934/1059/864
f 946/1067/872 945/1065/870 960/1072/877 961/1073/878
f 939/1068/873 938/1066/871 953/1074/879 954/1075/880
f 932/1069/874 1112/934/739 947/1076/881
f 1268/936/741 946/1067/872 961/1073/878
f 940/1070/875 939/1068/873 954/1075/880 955/1077/882
f 933/1071/876 932/1069/874 947/1076/881 948/1078/883
f 941/1057/862 940/1070/875 955/1077/882 956/1079/884
f 934/1059/864 933/1071/876 948/1078/883 949/1080/885
f 942/1058/863 941/1057/862 956/1079/884 957/1081/886
f 935/1060/865 934/1059/864 949/1080/885 950/1082/887
f 943/1061/866 942/1058/863 957/1081/886 958/1083/888
f 936/1062/867 935/1060/865 950/1082/887 951/1084/889
f 944/1063/868 943/1061/866 958/1083/888 959/1085/890
f 937/1064/869 936/1062/867 951/1084/889 952/1086/891
f 945/1065/870 944/1063/868 959/1085/890 960/1072/877
f 938/1066/871 937/1064/869 952/1086/891 953/1074/879
f 958/1083/888 957/1081/886 972/1087/892 973/1088/893
f 951/1084/889 950/1082/887 965/1089/894 966/1090/895
f 959/1085/890 958/1083/888 973/1088/893 974/1091/896
f 952/1086/891 951/1084/889 966/1090/895 967/1092/897
f 960/1072/877 959/1085/890 974/1091/896 975/1093/898
f 953/1074/879 952/1086/891 967/1092/897 968/1094/899
f 961/1073/878 960/1072/877 975/1093/898 976/1095/900
f 954/1075/880 953/1074/879 968/1094/899 969/1096/901
f 947/1076/881 1112/934/739 962/1097/902
f 1268/936/741 961/1073/878 976/1095/900
f 955/1077/882 954/1075/880 969/1096/901 970/1098/903
f 948/1078/883 947/1076/881 962/1097/902 963/1099/904
f 956/1079/884 955/1077/882 970/1098/903 971/1100/905
f 949/1080/885 948/1078/883 963/1099/904 964/1101/906
f 957/1081/886 956/1079/884 971/1100/905 972/1087/892
f 950/1082/887 949/1080/885 964/1101/906 965/1089/894
f 962/1097/902 1112/934/739 977/1102/907
f 1268/936/741 976/1095/900 991/1103/908
f 970/1098/903 969/1096/901 984/1104/909 985/1105/910
f 963/1099/904 962/1097/902 977/1102/907 978/1106/911
f 971/1100/905 970/1098/903 985/1105/910 986/1107/912
f 964/1101/906 963/1099/904 978/1106/911 979/1108/913
f 972/1087/892 971/1100/905 986/1107/912 987/1109/914
f 965/1089/894 964/1101/906 979/1108/913 980/1110/915
f 973/1088/893 972/1087/892 987/1109/914 988/1111/916
f 966/1090/895 965/1089/894 980/1110/915 981/1112/917
f 974/1091/896 973/1088/893 988/1111/916 989/1113/918
f 967/1092/897 966/1090/895 981/1112/917 982/1114/919
f 975/1093/898 974/1091/896 989/1113/918 990/1115/920
f 968/1094/899 967/1092/897 982/1114/919 983/1116/921
f 976/1095/900 975/1093/898 990/1115/920 991/1103/908
f 969/1096/901 968/1094/899 983/1116/921 984/1104/909
f 981/1112/917 980/1110/915 995/1117/922 996/1118/923
f 989/1113/918 988/1111/916 1003/1119/924 1004/1120/925
f 982/1114/919 981/1112/917 996/1118/923 997/1121/926
f 990/1115/920 989/1113/918 1004/1120/925 1005/1122/927
f 983/1116/921 982/1114/919 997/1121/926 998/1123/928
f 991/1103/908 990/1115/920 1005/1122/927 1006/1124/929
f 984/1104/909 983/1116/921 998/1123/928 999/1125/930
f 977/1102/907 1112/934/739 992/1126/931
f 1268/936/741 991/1103/908 1006/1124/929
f 985/1105/910 984/1104/909 999/1125/930 1000/1127/932
f 978/1106/911 977/1102/907 992/1126/931 993/1128/933
f 986/1107/912 985/1105/910 1000/1127/932 1001/1129/934
f 979/1108/913 978/1106/911 993/1128/933 994/1130/935
f 987/1109/914 986/1107/912 1001/1129/934 1002/1131/936
f 980/1110/915 979/1108/913 994/1130/935 995/1117/922
f 988/1111/916 987/1109/914 1002/1131/936 1003/1119/924
f 1000/1127/932 999/1125/930 1014/1132/937 1015/1133/938
f 993/1128/933 992/1126/931 1007/1134/939 1008/1135/940
f 1001/1129/934 1000/1127/932 1015/1133/938 1016/1136/941
f 994/1130/935 993/1128/933 1008/1135/940 1009/1137/942
f 1002/1131/936 1001/1129/934 1016/1136/941 1017/1138/943
f 995/1117/922 994/1130/935 1009/1137/942 1010/1139/944
f 1003/1119/924 1002/1131/936 1017/1138/943 1018/1140/945
f 996/1118/923 995/1117/922 1010/1139/944 1011/1141/946
f 1004/1120/925 1003/1119/924 1018/1140/945 1019/1142/947
f 997/1121/926 996/1118/923 1011/1141/946 1012/1143/948
f 1005/1122/927 1004/1120/925 1019/1142/947 1020/1144/949
f 998/1123/928 997/1121/926 1012/1143/948 1013/1145/950
f 1006/1124/929 1005/1122/927 1020/1144/949 1021/1146/951
f 999/1125/930 998/1123/928 1013/1145/950 1014/1132/937
f 992/1126/931 1112/934/739 1007/1134/939
f 1268/936/741 1006/1124/929 1021/1146/951
f 1019/1142/947 1018/1140/945 1033/1147/952 1034/1148/953
f 1012/1143/948 1011/1141/946 1026/1149/954 1027/1150/955
f 1020/1144/949 1019/1142/947 1034/1148/953 1035/1151/956
f 1013/1145/950 1012/1143/948 1027/1150/955 1028/1152/957
f 1021/1146/951 1020/1144/949 1035/1151/956 1036/1153/958
f 1014/1132/937 1013/1145/950 1028/1152/957 1029/1154/959
f 1007/1134/939 1112/934/739 1022/1155/960
f 1268/936/741 1021/1146/951 1036/1153/958
f 1015/1133/938 1014/1132/937 1029/1154/959 1030/1156/961
f 1008/1135/940 1007/1134/939 1022/1155/960 1023/1157/962
f 1016/1136/941 1015/1133/938 1030/1156/961 1031/1158/963
f 1009/1137/942 1008/1135/940 1023/1157/962 1024/1159/964
f 1017/1138/943 1016/1136/941 1031/1158/963 1032/1160/965
f 1010/1139/944 1009/1137/942 1024/1159/964 1025/1161/966
f 1018/1140/945 1017/1138/943 1032/1160/965 1033/1147/952
f 1011/1141/946 1010/1139/944 1025/1161/966 1026/1149/954
f 1023/1162/962 1022/1163/960 1037/1164/967 1038/1165/968
f 1031/1166/963 1030/1167/961 1045/1168/969 1046/1169/970
f 1024/1170/964 1023/1162/962 1038/1165/968 1039/1171/971
f 1032/1172/965 1031/1166/963 1046/1169/970 1047/1173/972
f 1025/1174/966 1024/1170/964 1039/1171/971 1040/1175/973
f 1033/1176/952 1032/1172/965 1047/1173/972 1048/1177/974
f 1026/1178/954 1025/1174/966 1040/1175/973 1041/1179/975
f 1034/1180/953 1033/1176/952 1048/1177/974 1049/1181/976
f 1027/1182/955 1026/1178/954 1041/1179/975 1042/1183/977
f 1035/1184/956 1034/1180/953 1049/1181/976 1050/1185/978
f 1028/1186/957 1027/1182/955 1042/1183/977 1043/1187/979
f 1036/1188/958 1035/1184/956 1050/1185/978 1051/1189/980
f 1029/1190/959 1028/1186/957 1043/1187/979 1044/1191/981
f 1022/1163/960 1112/1192/739 1037/1164/967
f 1268/1193/741 1036/1188/958 1051/1189/980
f 1030/1167/961 1029/1190/959 1044/1191/981 1045/1168/969
f 1042/1183/977 1041/1179/975 1056/1194/982 1057/1195/983
f 1050/1185/978 1049/1181/976 1064/1196/984 1065/1197/985
f 1043/1187/979 1042/1183/977 1057/1195/983 1058/1198/986
f 1051/1189/980 1050/1185/978 1065/1197/985 1066/1199/987
f 1044/1191/981 1043/1187/979 1058/1198/986 1059/1200/988
f 1037/1164/967 1112/1192/739 1052/1201/989
f 1268/1193/741 1051/1189/980 1066/1199/987
f 1045/1168/969 1044/1191/981 1059/1200/988 1060/1202/990
f 1038/1165/968 1037/1164/967 1052/1201/989 1053/1203/991
f 1046/1169/970 1045/1168/969 1060/1202/990 1061/1204/992
f 1039/1171/971 1038/1165/968 1053/1203/991 1054/1205/993
f 1047/1173/972 1046/1169/970 1061/1204/992 1062/1206/994
f 1040/1175/973 1039/1171/971 1054/1205/993 1055/1207/995
f 1048/1177/974 1047/1173/972 1062/1206/994 1063/1208/996
f 1041/1179/975 1040/1175/973 1055/1207/995 1056/1194/982
f 1049/1181/976 1048/1177/974 1063/1208/996 1064/1196/984
f 1061/1204/992 1060/1202/990 1075/1209/997 1076/1210/998
f 1054/1205/993 1053/1203/991 1068/1211/999 1069/1212/1000
f 1062/1206/994 1061/1204/992 1076/1210/998 1077/1213/1001
f 1055/1207/995 1054/1205/993 1069/1212/1000 1070/1214/1002
f 1063/1208/996 1062/1206/994 1077/1213/1001 1078/1215/1003
f 1056/1194/982 1055/1207/995 1070/1214/1002 1071/1216/1004
f 1064/1196/984 1063/1208/996 1078/1215/1003 1079/1217/1005
f 1057/1195/983 1056/1194/982 1071/1216/1004 1072/1218/1006
f 1065/1197/985 1064/1196/984 1079/1217/1005 1080/1219/1007
f 1058/1198/986 1057/1195/983 1072/1218/1006 1073/1220/1008
f 1066/1199/987 1065/1197/985 1080/1219/1007 1081/1221/1009
f 1059/1200/988 1058/1198/986 1073/1220/1008 1074/1222/1010
f 1052/1201/989 1112/1192/739 1067/1223/1011
f 1268/1193/741 1066/1199/987 1081/1221/1009
f 1060/1202/990 1059/1200/988 1074/1222/1010 1075/1209/997
f 1053/1203/991 1052/1201/989 1067/1223/1011 1068/1211/999
f 1080/1219/1007 1079/1217/1005 1094/1224/1012 1095/1225/1013
f 1073/1220/1008 1072/1218/1006 1087/1226/1014 1088/1227/1015
f 1081/1221/1009 1080/1219/1007 1095/1225/1013 1096/1228/1016
f 1074/1222/1010 1073/1220/1008 1088/1227/1015 1089/1229/1017
f 1067/1223/1011 1112/1192/739 1082/1230/1018
f 1268/1193/741 1081/1221/1009 1096/1228/1016
f 1075/1209/997 1074/1222/1010 1089/1229/1017 1090/1231/1019
f 1068/1211/999 1067/1223/1011 1082/1230/1018 1083/1232/1020
f 1076/1210/998 1075/1209/997 1090/1231/1019 1091/1233/1021
f 1069/1212/1000 1068/1211/999 1083/1232/1020 1084/1234/1022
f 1077/1213/1001 1076/1210/998 1091/1233/1021 1092/1235/1023
f 1070/1214/1002 1069/1212/1000 1084/1234/1022 1085/1236/1024
f 1078/1215/1003 1077/1213/1001 1092/1235/1023 1093/1237/1025
f 1071/1216/1004 1070/1214/1002 1085/1236/1024 1086/1238/1026
f 1079/1217/1005 1078/1215/1003 1093/1237/1025 1094/1224/1012
f 1072/1218/1006 1071/1216/1004 1086/1238/1026 1087/1226/1014
f 1092/1235/1023 1091/1233/1021 1106/1239/1027 1107/1240/1028
f 1085/1236/1024 1084/1234/1022 1099/1241/1029 1100/1242/1030
f 1093/1237/1025 1092/1235/1023 1107/1240/1028 1108/1243/1031
f 1086/1238/1026 1085/1236/1024 1100/1242/1030 1101/1244/1032
f 1094/1224/1012 1093/1237/1025 1108/1243/1031 1109/1245/1033
f 1087/1226/1014 1086/1238/1026 1101/1244/1032 1102/1246/1034
f 1095/1225/1013 1094/1224/1012 1109/1245/1033 1110/1247/1035
f 1088/1227/1015 1087/1226/1014 1102/1246/1034 1103/1248/1036
f 1096/1228/1016 1095/1225/1013 1110/1247/1035 1111/1249/1037
f 1089/1229/1017 1088/1227/1015 1103/1248/1036 1104/1250/1038
f 1082/1230/1018 1112/1192/739 1097/1251/1039
f 1268/1193/741 1096/1228/1016 1111/1249/1037
f 1090/1231/1019 1089/1229/1017 1104/1250/1038 1105/1252/1040
f 1083/1232/1020 1082/1230/1018 1097/1251/1039 1098/1253/1041
f 1091/1233/1021 1090/1231/1019 1105/1252/1040 1106/1239/1027
f 1084/1234/1022 1083/1232/1020 1098/1253/1041 1099/1241/1029
f 1111/1249/1037 1110/1247/1035 1126/1254/1042 1127/1255/1043
f 1104/1250/1038 1103/1248/1036 1119/1256/1044 1120/1257/1045
f 1097/1251/1039 1112/1192/739 1113/1258/1046
f 1268/1193/741 1111/1249/1037 1127/1255/1043
f 1105/1252/1040 1104/1250/1038 1120/1257/1045 1121/1259/1047
f 1098/1253/1041 1097/1251/1039 1113/1258/1046 1114/1260/1048
f 1106/1239/1027 1105/1252/1040 1121/1259/1047 1122/1261/1049
f 1099/1241/1029 1098/1253/1041 1114/1260/1048 1115/1262/1050
f 1107/1240/1028 1106/1239/1027 1122/1261/1049 1123/1263/1051
f 1100/1242/1030 1099/1241/1029 1115/1262/1050 1116/1264/1052
f 1108/1243/1031 1107/1240/1028 1123/1263/1051 1124/1265/1053
f 1101/1244/1032 1100/1242/1030 1116/1264/1052 1117/1266/1054
f 1109/1245/1033 1108/1243/1031 1124/1265/1053 1125/1267/1055
f 1102/1246/1034 1101/1244/1032 1117/1266/1054 1118/1268/1056
f 1110/1247/1035 1109/1245/1033 1125/1267/1055 1126/1254/1042
f 1103/1248/1036 1102/1246/1034 1118/1268/1056 1119/1256/1044
f 1116/1264/1052 1115/1262/1050 1130/1269/1057 1131/1270/1058
f 1124/1265/1053 1123/1263/1051 1138/1271/1059 1139/1272/1060
f 1117/1266/1054 1116/1264/1052 1131/1270/1058 1132/1273/1061
f 1125/1267/1055 1124/1265/1053 1139/1272/1060 1140/1274/1062
f 1118/1268/1056 1117/1266/1054 1132/1273/1061 1133/1275/1063
f 1126/1254/1042 1125/1267/1055 1140/1274/1062 1141/1276/1064
f 1119/1256/1044 1118/1268/1056 1133/1275/1063 1134/1277/1065
f 1127/1255/1043 1126/1254/1042 1141/1276/1064 1142/1278/1066
f 1120/1257/1045 1119/1256/1044 1134/1277/1065 1135/1279/1067
f 1113/1258/1046 1112/1192/739 1128/1280/1068
f 1268/1193/741 1127/1255/1043 1142/1278/1066
f 1121/1259/1047 1120/1257/1045 1135/1279/1067 1136/1281/1069
f 1114/1260/1048 1113/1258/1046 1128/1280/1068 1129/1282/1070
f 1122/1261/1049 1121/1259/1047 1136/1281/1069 1137/1283/1071
f 1115/1262/1050 1114/1260/1048 1129/1282/1070 1130/1269/1057
f 1123/1263/1051 1122/1261/1049 1137/1283/1071 1138/1271/1059
f 1135/1279/1067 1134/1277/1065 1149/1284/1072 1150/1285/1073
f 1128/1280/1068 1112/1192/739 1143/1286/1074
f 1268/1193/741 1142/1278/1066 1157/1287/1075
f 1136/1281/1069 1135/1279/1067 1150/1285/1073 1151/1288/1076
f 1129/1282/1070 1128/1280/1068 1143/1286/1074 1144/1289/1077
f 1137/1283/1071 1136/1281/1069 1151/1288/1076 1152/1290/1078
f 1130/1269/1057 1129/1282/1070 1144/1289/1077 1145/1291/1079
f 1138/1271/1059 1137/1283/1071 1152/1290/1078 1153/1292/1080
f 1131/1270/1058 1130/1269/1057 1145/1291/1079 1146/1293/1081
f 1139/1272/1060 1138/1271/1059 1153/1292/1080 1154/1294/1082
f 1132/1273/1061 1131/1270/1058 1146/1293/1081 1147/1295/1083
f 1140/1274/1062 1139/1272/1060 1154/1294/1082 1155/1296/1084
f 1133/1275/1063 1132/1273/1061 1147/1295/1083 1148/1297/1085
f 1141/1276/1064 1140/1274/1062 1155/1296/1084 1156/1298/1086
f 1134/1277/1065 1133/1275/1063 1148/1297/1085 1149/1284/1072
f 1142/1278/1066 1141/1276/1064 1156/1298/1086 1157/1287/1075
f 1154/1294/1082 1153/1292/1080 1168/1299/1087 1169/1300/1088
f 1147/1295/1083 1146/1293/1081 1161/1301/1089 1162/1302/1090
f 1155/1296/1084 1154/1294/1082 1169/1300/1088 1170/1303/1091
f 1148/1297/1085 1147/1295/1083 1162/1302/1090 1163/1304/1092
f 1156/1298/1086 1155/1296/1084 1170/1303/1091 1171/1305/1093
f 1149/1284/1072 1148/1297/1085 1163/1304/1092 1164/1306/1094
f 1157/1287/1075 1156/1298/1086 1171/1305/1093 1172/1307/1095
f 1150/1285/1073 1149/1284/1072 1164/1306/1094 1165/1308/1096
f 1143/1286/1074 1112/1192/739 1158/1309/1097
f 1268/1193/741 1157/1287/1075 1172/1307/1095
f 1151/1288/1076 1150/1285/1073 1165/1308/1096 1166/1310/1098
f 1144/1289/1077 1143/1286/1074 1158/1309/1097 1159/1311/1099
f 1152/1290/1078 1151/1288/1076 1166/1310/1098 1167/1312/1100
f 1145/1291/1079 1144/1289/1077 1159/1311/1099 1160/1313/1101
f 1153/1292/1080 1152/1290/1078 1167/1312/1100 1168/1299/1087
f 1146/1293/1081 1145/1291/1079 1160/1313/1101 1161/1301/1089
f 1158/1309/1097 1112/1192/739 1173/1314/1102
f 1268/1193/741 1172/1307/1095 1187/1315/1103
f 1166/1310/1098 1165/1308/1096 1180/1316/1104 1181/1317/1105
f 1159/1311/1099 1158/1309/1097 1173/1314/1102 1174/1318/1106
f 1167/1312/1100 1166/1310/1098 1181/1317/1105 1182/1319/1107
f 1160/1313/1101 1159/1311/1099 1174/1318/1106 1175/1320/1108
f 1168/1299/1087 1167/1312/1100 1182/1319/1107 1183/1321/1109
f 1161/1301/1089 1160/1313/1101 1175/1320/1108 1176/1322/1110
f 1169/1300/1088 1168/1299/1087 1183/1321/1109 1184/1323/1111
f 1162/1302/1090 1161/1301/1089 1176/1322/1110 1177/1324/1112
f 1170/1303/1091 1169/1300/1088 1184/1323/1111 1185/1325/1113
f 1163/1304/1092 1162/1302/1090 1177/1324/1112 1178/1326/1114
f 1171/1305/1093 1170/1303/1091 1185/1325/1113 1186/1327/1115
f 1164/1306/1094 1163/1304/1092 1178/1326/1114 1179/1328/1116
f 1172/1307/1095 1171/1305/1093 1186/1327/1115 1187/1315/1103
f 1165/1308/1096 1164/1306/1094 1179/1328/1116 1180/1316/1104
f 1177/1324/1112 1176/1322/1110 1191/1329/1117 1192/1330/1118
f 1185/1325/1113 1184/1323/1111 1199/1331/1119 1200/1332/1120
f 1178/1326/1114 1177/1324/1112 1192/1330/1118 1193/1333/1121
f 1186/1327/1115 1185/1325/1113 1200/1332/1120 1201/1334/1122
f 1179/1328/1116 1178/1326/1114 1193/1333/1121 1194/1335/1123
f 1187/1315/1103 1186/1327/1115 1201/1334/1122 1202/1336/1124
f 1180/1316/1104 1179/1328/1116 1194/1335/1123 1195/1337/1125
f 1173/1314/1102 1112/1192/739 1188/1338/1126
f 1268/1193/741 1187/1315/1103 1202/1336/1124
f 1181/1317/1105 1180/1316/1104 1195/1337/1125 1196/1339/1127
f 1174/1318/1106 1173/1314/1102 1188/1338/1126 1189/1340/1128
f 1182/1319/1107 1181/1317/1105 1196/1339/1127 1197/1341/1129
f 1175/1320/1108 1174/1318/1106 1189/1340/1128 1190/1342/1130
f 1183/1321/1109 1182/1319/1107 1197/1341/1129 1198/1343/1131
f 1176/1322/1110 1175/1320/1108 1190/1342/1130 1191/1329/1117
f 1184/1323/1111 1183/1321/1109 1198/1343/1131 1199/1331/1119
f 1196/1339/1127 1195/1337/1125 1210/1344/1132 1211/1345/1133
f 1189/1340/1128 1188/1338/1126 1203/1346/1134 1204/1347/1135
f 1197/1341/1129 1196/1339/1127 1211/1345/1133 1212/1348/1136
f 1190/1342/1130 1189/1340/1128 1204/1347/1135 1205/1349/1137
f 1198/1343/1131 1197/1341/1129 1212/1348/1136 1213/1350/1138
f 1191/1329/1117 1190/1342/1130 1205/1349/1137 1206/1351/1139
f 1199/1331/1119 1198/1343/1131 1213/1350/1138 1214/1352/1140
f 1192/1330/1118 1191/1329/1117 1206/1351/1139 1207/1353/1141
f 1200/1332/1120 1199/1331/1119 1214/1352/1140 1215/1354/1142
f 1193/1333/1121 1192/1330/1118 1207/1353/1141 1208/1355/1143
f 1201/1334/1122 1200/1332/1120 1215/1354/1142 1216/1356/1144
f 1194/1335/1123 1193/1333/1121 1208/1355/1143 1209/1357/1145
f 1202/1336/1124 1201/1334/1122 1216/1356/1144 1217/1358/1146
f 1195/1337/1125 1194/1335/1123 1209/1357/1145 1210/1344/1132
f 1188/1338/1126 1112/1192/739 1203/1346/1134
f 1268/1193/741 1202/1336/1124 1217/1358/1146
f 1215/1354/1142 1214/1352/1140 1229/1359/1147 1230/1360/1148
f 1208/1355/1143 1207/1353/1141 1222/1361/1149 1223/1362/1150
f 1216/1356/1144 1215/1354/1142 1230/1360/1148 1231/1363/1151
f 1209/1357/1145 1208/1355/1143 1223/1362/1150 1224/1364/1152
f 1217/1358/1146 1216/1356/1144 1231/1363/1151 1232/1365/1153
f 1210/1344/1132 1209/1357/1145 1224/1364/1152 1225/1366/1154
f 1203/1346/1134 1112/1192/739 1218/1367/1155
f 1268/1193/741 1217/1358/1146 1232/1365/1153
f 1211/1345/1133 1210/1344/1132 1225/1366/1154 1226/1368/1156
f 1204/1347/1135 1203/1346/1134 1218/1367/1155 1219/1369/1157
f 1212/1348/1136 1211/1345/1133 1226/1368/1156 1227/1370/1158
f 1205/1349/1137 1204/1347/1135 1219/1369/1157 1220/1371/1159
f 1213/1350/1138 1212/1348/1136 1227/1370/1158 1228/1372/1160
f 1206/1351/1139 1205/1349/1137 1220/1371/1159 1221/1373/1161
f 1214/1352/1140 1213/1350/1138 1228/1372/1160 1229/1359/1147
f 1207/1353/1141 1206/1351/1139 1221/1373/1161 1222/1361/1149
f 1227/1370/1158 1226/1368/1156 1241/1374/1162 1242/1375/1163
f 1220/1371/1159 1219/1369/1157 1234/1376/1164 1235/1377/1165
f 1228/1372/1160 1227/1370/1158 1242/1375/1163 1243/1378/1166
f 1221/1373/1161 1220/1371/1159 1235/1377/1165 1236/1379/1167
f 1229/1359/1147 1228/1372/1160 1243/1378/1166 1244/1380/1168
f 1222/1361/1149 1221/1373/1161 1236/1379/1167 1237/1381/1169
f 1230/1360/1148 1229/1359/1147 1244/1380/1168 1245/1382/1170
f 1223/1362/1150 1222/1361/1149 1237/1381/1169 1238/1383/1171
f 1231/1363/1151 1230/1360/1148 1245/1382/1170 1246/1384/1172
f 1224/1364/1152 1223/1362/1150 1238/1383/1171 1239/1385/1173
f 1232/1365/1153 1231/1363/1151 1246/1384/1172 1247/1386/1174
f 1225/1366/1154 1224/1364/1152 1239/1385/1173 1240/1387/1175
f 1218/1367/1155 1112/1192/739 1233/1388/1176
f 1268/1193/741 1232/1365/1153 1247/1386/1174
f 1226/1368/1156 1225/1366/1154 1240/1387/1175 1241/1374/1162
f 1219/1369/1157 1218/1367/1155 1233/1388/1176 1234/1376/1164
f 1246/1384/1172 1245/1382/1170 1260/1389/1177 1261/1390/1178
f 1239/1385/1173 1238/1383/1171 1253/1391/1179 1254/1392/1180
f 1247/1386/1174 1246/1384/1172 1261/1390/1178 1262/1393/1181
f 1240/1387/1175 1239/1385/1173 1254/1392/1180 1255/1394/1182
f 1233/1388/1176 1112/1192/739 1248/1395/1183
f 1268/1193/741 1247/1386/1174 1262/1393/1181
f 1241/1374/1162 1240/1387/1175 1255/1394/1182 1256/1396/1184
f 1234/1376/1164 1233/1388/1176 1248/1395/1183 1249/1397/1185
f 1242/1375/1163 1241/1374/1162 1256/1396/1184 1257/1398/1186
f 1235/1377/1165 1234/1376/1164 1249/1397/1185 1250/1399/1187
f 1243/1378/1166 1242/1375/1163 1257/1398/1186 1258/1400/1188
f 1236/1379/1167 1235/1377/1165 1250/1399/1187 1251/1401/1189
f 1244/1380/1168 1243/1378/1166 1258/1400/1188 1259/1402/1190
f 1237/1381/1169 1236/1379/1167 1251/1401/1189 1252/1403/1191
f 1245/1382/1170 1244/1380/1168 1259/1402/1190 1260/1389/1177
f 1238/1383/1171 1237/1381/1169 1252/1403/1191 1253/1391/1179
f 1250/1399/1187 1249/1397/1185 788/1404/715 789/1405/714
f 1258/1400/1188 1257/1398/1186 1265/1406/710 794/1407/718
f 1251/1401/1189 1250/1399/1187 789/1405/714 790/1408/720
f 1259/1402/1190 1258/1400/1188 794/1407/718 795/1409/722
f 1252/1403/1191 1251/1401/1189 790/1408/720 791/1410/724
f 1260/1389/1177 1259/1402/1190 795/1409/722 796/1411/726
f 1253/1391/1179 1252/1403/1191 791/1410/724 792/1412/728
f 1261/1390/1178 1260/1389/1177 796/1411/726 1266/1413/730
f 1254/1392/1180 1253/1391/1179 792/1412/728 793/1414/732
f 1262/1393/1181 1261/1390/1178 1266/1413/730 1267/1415/734
f 1255/1394/1182 1254/1392/1180 793/1414/732 1263/1416/736
f 1248/1395/1183 1112/1192/739 787/1417/738
f 1268/1193/741 1262/1393/1181 1267/1415/734
f 1256/1396/1184 1255/1394/1182 1263/1416/736 1264/1418/711
f 1249/1397/1185 1248/1395/1183 787/1417/738 788/1404/715
f 1257/1398/1186 1256/1396/1184 1264/1418/711 1265/1406/710
